address	inventory_name	original_bytes	inventory_thunk	matched_name	category	reccmp_score	first_instruction
0x405620	sprintf	6	true	MSVCRT.dll::sprintf	entry_jump_requires_target_review		jmp dword ptr [0x51114c]
0x405626	entry	318	false	_WinMainCRTStartup	measured_linked_library	0.8508771929824561	push ebp
0x40578a	exit	6	true	MSVCRT.dll::exit	entry_jump_requires_target_review		jmp dword ptr [0x511114]
0x405790	initterm	6	true	MSVCRT.dll::_initterm	entry_jump_requires_target_review		jmp dword ptr [0x511120]
0x4057b0	_except_handler3	6	true	MSVCRT.dll::_except_handler3	entry_jump_requires_target_review		jmp dword ptr [0x511138]
0x4057b6	_controlfp	6	true	MSVCRT.dll::_controlfp	entry_jump_requires_target_review		jmp dword ptr [0x511140]
0x41f788	FUN_0041f788	338	false		internal_entry_of_0x41f560		push ebx
0x456b30	thunk_FUN_00456b40	5	true		entry_jump_requires_target_review		jmp 0x456b40
0x456b50	thunk_FUN_00456b60	5	true		entry_jump_requires_target_review		jmp 0x456b60
0x4b2e10	thunk_FUN_004b2e20	5	true		entry_jump_requires_target_review		jmp 0x4b2e20
0x4c0000	FUN_004c0000	5	false		unclassified_without_annotated_source		cmp byte ptr [ebx], ah
0x4c4b60	DirectDrawCreateEx	6	true	DDRAW.dll::DirectDrawCreateEx	entry_jump_requires_target_review		jmp dword ptr [0x511014]
0x4c4b66	DirectDrawEnumerateExA	6	true	DDRAW.dll::DirectDrawEnumerateExA	entry_jump_requires_target_review		jmp dword ptr [0x511010]
0x4c4b6c	Ordinal_1	6	true		entry_jump_requires_target_review		jmp dword ptr [0x511024]
0x4c6670	DirectInputCreateEx	6	true	DINPUT.dll::DirectInputCreateEx	entry_jump_requires_target_review		jmp dword ptr [0x51101c]
0x4c6676	rand	6	true	MSVCRT.dll::rand	entry_jump_requires_target_review		jmp dword ptr [0x511194]
0x4c667c	qsort	6	true	MSVCRT.dll::qsort	entry_jump_requires_target_review		jmp dword ptr [0x5111a0]
0x4c6682	srand	6	true	MSVCRT.dll::srand	entry_jump_requires_target_review		jmp dword ptr [0x5111b0]
0x4c6688	puts	6	true	MSVCRT.dll::puts	entry_jump_requires_target_review		jmp dword ptr [0x5111a4]
0x4c668e	_stricmp	6	true	MSVCRT.dll::_stricmp	entry_jump_requires_target_review		jmp dword ptr [0x5111ac]
0x4c6694	strncpy	6	true	MSVCRT.dll::strncpy	entry_jump_requires_target_review		jmp dword ptr [0x5111a8]
0x4c669a	strncmp	6	true	MSVCRT.dll::strncmp	entry_jump_requires_target_review		jmp dword ptr [0x51119c]
0x4c66a0	fclose	6	true	MSVCRT.dll::fclose	entry_jump_requires_target_review		jmp dword ptr [0x51118c]
0x4c66a6	fopen	6	true	MSVCRT.dll::fopen	entry_jump_requires_target_review		jmp dword ptr [0x511190]
0x4c66ac	fwrite	6	true	MSVCRT.dll::fwrite	entry_jump_requires_target_review		jmp dword ptr [0x5110fc]
0x4c66b2	strchr	6	true	MSVCRT.dll::strchr	entry_jump_requires_target_review		jmp dword ptr [0x511198]
0x4c66b8	_splitpath	6	true	MSVCRT.dll::_splitpath	entry_jump_requires_target_review		jmp dword ptr [0x511150]
0x4c66be	free	6	true	MSVCRT.dll::free	entry_jump_requires_target_review		jmp dword ptr [0x511104]
0x4c66c4	operator_new	6	true	MSVCRT.dll::??2@YAPAXI@Z	entry_jump_requires_target_review		jmp dword ptr [0x511100]
0x4c66ca	operator_delete	6	true	MSVCRT.dll::??3@YAXPAX@Z	entry_jump_requires_target_review		jmp dword ptr [0x511188]
0x4c66e0	FUN_004c66e0	47	false		unclassified_without_annotated_source		push ecx
0x4c6710	_strlwr	6	true	MSVCRT.dll::_strlwr	entry_jump_requires_target_review		jmp dword ptr [0x511180]
0x4c6716	strrchr	6	true	MSVCRT.dll::strrchr	entry_jump_requires_target_review		jmp dword ptr [0x5110f8]
0x4c671c	_CIasin	6	true	MSVCRT.dll::_CIasin	entry_jump_requires_target_review		jmp dword ptr [0x51117c]
0x4c6722	malloc	6	true	MSVCRT.dll::malloc	entry_jump_requires_target_review		jmp dword ptr [0x511178]
0x4c6728	ftell	6	true	MSVCRT.dll::ftell	entry_jump_requires_target_review		jmp dword ptr [0x511174]
0x4c672e	fprintf	6	true	MSVCRT.dll::fprintf	entry_jump_requires_target_review		jmp dword ptr [0x511170]
0x4c6734	_fdopen	6	true	MSVCRT.dll::_fdopen	entry_jump_requires_target_review		jmp dword ptr [0x51116c]
0x4c673a	fread	6	true	MSVCRT.dll::fread	entry_jump_requires_target_review		jmp dword ptr [0x511168]
0x4c6740	fputc	6	true	MSVCRT.dll::fputc	entry_jump_requires_target_review		jmp dword ptr [0x5110f4]
0x4c6746	calloc	6	true	MSVCRT.dll::calloc	entry_jump_requires_target_review		jmp dword ptr [0x5110f0]
0x4c674c	FUN_004c674c	72	false	_D3DXColorAdjustContrast@12	measured_linked_library	1.0	push ebp
0x4c6794	FUN_004c6794	179	false	_D3DXInitialize@0	measured_linked_library	0.8840579710144928	mov eax, 0x510618
0x4c6847	Catch@004c6847	17	false		unclassified_without_annotated_source		lea ecx, [ebp - 0x120]
0x4c6858	FUN_004c6858	6	false		unclassified_without_annotated_source		mov eax, dword ptr [ebp - 0xa0]
0x4c685e	FUN_004c685e	15	false		unclassified_without_annotated_source		mov ecx, dword ptr [ebp - 0xc]
0x4c686d	FUN_004c686d	164	false	_D3DXUninitialize@0	measured_linked_library	0.8360655737704918	mov eax, 0x510624
0x4c6911	Catch@004c6911	17	false		unclassified_without_annotated_source		lea ecx, [ebp - 0x120]
0x4c6922	FUN_004c6922	6	false		unclassified_without_annotated_source		mov eax, dword ptr [ebp - 0xa0]
0x4c6928	FUN_004c6928	15	false		unclassified_without_annotated_source		mov ecx, dword ptr [ebp - 0xc]
0x4c6937	FUN_004c6937	39	false		unclassified_without_annotated_source		push esi
0x4c6970	FUN_004c6970	112	false		unclassified_without_annotated_source		push esi
0x4c69e0	thunk_FUN_004c9b03	5	true		entry_jump_requires_target_review		jmp 0x4c9945
0x4c69e5	FUN_004c69e5	61	false		unclassified_without_annotated_source		mov dword ptr [ecx], 0x512f78
0x4c6a28	FUN_004c6a28	61	false		unclassified_without_annotated_source		mov dword ptr [ecx], 0x512f90
0x4c6a65	FUN_004c6a65	61	false		unclassified_without_annotated_source		mov dword ptr [ecx], 0x512fa8
0x4c6aa2	FUN_004c6aa2	1	false		unclassified_without_annotated_source		ret
0x4c6aa3	FUN_004c6aa3	217	false		unclassified_without_annotated_source		push ebp
0x4c6b7c	FUN_004c6b7c	247	false		unclassified_without_annotated_source		cmp dword ptr [0x8170b4], 1
0x4c6c73	FUN_004c6c73	658	false		unclassified_without_annotated_source		push ebp
0x4c6f05	FUN_004c6f05	28	false		unclassified_without_annotated_source		push esi
0x4c6f21	FUN_004c6f21	49	false		unclassified_without_annotated_source		push esi
0x4c6f52	FUN_004c6f52	30	false		unclassified_without_annotated_source		mov eax, dword ptr [ecx + 0xc]
0x4c6f70	FUN_004c6f70	73	false		unclassified_without_annotated_source		mov eax, dword ptr [ecx + 0xc]
0x4c6fb9	FUN_004c6fb9	68	false		unclassified_without_annotated_source		push ebp
0x4c6ffd	FUN_004c6ffd	149	false		unclassified_without_annotated_source		push ebp
0x4c7092	FUN_004c7092	81	false		unclassified_without_annotated_source		mov eax, 0x51063e
0x4c70e3	FUN_004c70e3	152	false		unclassified_without_annotated_source		push ebp
0x4c717d	FUN_004c717d	7	false		unclassified_without_annotated_source		mov eax, dword ptr [ecx + 4]
0x4c7184	FUN_004c7184	1119	false		unclassified_without_annotated_source		push ebp
0x4c75f5	FUN_004c75f5	300	false		unclassified_without_annotated_source		push ebp
0x4c7721	FUN_004c7721	11	false		unclassified_without_annotated_source		mov dword ptr [ecx], 0x512f60
0x4c772c	FUN_004c772c	217	false		unclassified_without_annotated_source		mov eax, 0x510648
0x4c77f6	FUN_004c77f6	15	false		unclassified_without_annotated_source		mov ecx, dword ptr [ebp - 0xc]
0x4c7805	Catch@004c7805	6	false		unclassified_without_annotated_source		mov eax, 0x4c77f6
0x4c7913	Catch@004c7913	17	false		unclassified_without_annotated_source		lea ecx, [ebp - 0x120]
0x4c7924	FUN_004c7924	23	false		unclassified_without_annotated_source		mov eax, dword ptr [ebp - 0xa0]
0x4c796b	FUN_004c796b	573	false		unclassified_without_annotated_source		mov eax, 0x510660
0x4c7ba8	Catch@004c7ba8	17	false		unclassified_without_annotated_source		lea ecx, [ebp - 0x13c]
0x4c7bb9	FUN_004c7bb9	6	false		unclassified_without_annotated_source		mov eax, dword ptr [ebp - 0xbc]
0x4c7bbf	FUN_004c7bbf	17	false		unclassified_without_annotated_source		mov ecx, dword ptr [ebp - 0xc]
0x4c7bd0	FUN_004c7bd0	29	false		unclassified_without_annotated_source		push esi
0x4c7c12	FUN_004c7c12	29	false		unclassified_without_annotated_source		push esi
0x4c7cc4	FUN_004c7cc4	140	false		unclassified_without_annotated_source		push esi
0x4c7d50	FUN_004c7d50	396	false		unclassified_without_annotated_source		mov eax, 0x51066c
0x4c7ed5	FUN_004c7ed5	726	false		unclassified_without_annotated_source		mov eax, dword ptr [esi + 0x84]
0x4c81a9	Catch@004c81a9	17	false		unclassified_without_annotated_source		lea ecx, [ebp - 0x22c]
0x4c81ba	FUN_004c81ba	25	false		unclassified_without_annotated_source		mov eax, dword ptr [ebp - 0x1ac]
0x4c85b9	Catch@004c85b9	17	false		unclassified_without_annotated_source		lea ecx, [ebp - 0x130]
0x4c85ca	FUN_004c85ca	23	false		unclassified_without_annotated_source		mov eax, dword ptr [ebp - 0xb0]
0x4c85e1	FUN_004c85e1	159	false		unclassified_without_annotated_source		mov eax, 0x510684
0x4c8680	Catch@004c8680	17	false		unclassified_without_annotated_source		lea ecx, [ebp - 0x120]
0x4c8691	FUN_004c8691	6	false		unclassified_without_annotated_source		mov eax, dword ptr [ebp - 0xa0]
0x4c8697	FUN_004c8697	17	false		unclassified_without_annotated_source		mov ecx, dword ptr [ebp - 0xc]
0x4c86e1	FUN_004c86e1	21	false		unclassified_without_annotated_source		mov eax, dword ptr [ecx + 8]
0x4c86f6	FUN_004c86f6	640	false		unclassified_without_annotated_source		push ebp
0x4c897c	FUN_004c897c	155	false		unclassified_without_annotated_source		push ebp
0x4c8a18	FUN_004c8a18	390	false		unclassified_without_annotated_source		push ebp
0x4c8ba0	FUN_004c8ba0	495	false		unclassified_without_annotated_source		push ebp
0x4c8d92	FUN_004c8d92	116	false		unclassified_without_annotated_source		push esi
0x4c8e06	FUN_004c8e06	333	false		unclassified_without_annotated_source		push ebp
0x4c8f55	FUN_004c8f55	348	false		unclassified_without_annotated_source		push ebp
0x4c90b1	FUN_004c90b1	566	false		unclassified_without_annotated_source		push ebp
0x4c92eb	FUN_004c92eb	343	false		unclassified_without_annotated_source		push ebp
0x4c9442	FUN_004c9442	22	false		unclassified_without_annotated_source		mov eax, dword ptr [esp + 0xc]
0x4c9458	FUN_004c9458	277	false		unclassified_without_annotated_source		push ebp
0x4c959a	FUN_004c959a	60	false		unclassified_without_annotated_source		push ebp
0x4c95f9	FUN_004c95f9	53	false		unclassified_without_annotated_source		push ebp
0x4c9638	FUN_004c9638	79	false		unclassified_without_annotated_source		push esi
0x4c9687	FUN_004c9687	617	false		unclassified_without_annotated_source		push ebp
0x4c98f0	FUN_004c98f0	22	false		unclassified_without_annotated_source		push edi
0x4c9906	FUN_004c9906	63	false		unclassified_without_annotated_source		mov eax, 0x51069e
0x4c9945	thunk_FUN_004c9b03	5	true		entry_jump_requires_target_review		jmp 0x4c9b03
0x4c994a	FUN_004c994a	13	false		unclassified_without_annotated_source		xor eax, eax
0x4c9957	FUN_004c9957	7	false		unclassified_without_annotated_source		mov eax, dword ptr [ecx + 0x114]
0x4c995e	FUN_004c995e	7	false		unclassified_without_annotated_source		mov eax, dword ptr [ecx + 0x110]
0x4c9965	FUN_004c9965	414	false		unclassified_without_annotated_source		push ebx
0x4c9b03	FUN_004c9b03	91	false		unclassified_without_annotated_source		push esi
0x4c9b5e	FUN_004c9b5e	38	false		unclassified_without_annotated_source		push esi
0x4c9b84	FUN_004c9b84	4	false		unclassified_without_annotated_source		push 8
0x4c9b88	FUN_004c9b88	211	false		unclassified_without_annotated_source		push ebp
0x4c9c5b	FUN_004c9c5b	50	false		unclassified_without_annotated_source		mov ecx, dword ptr [ecx + 0x10c]
0x4c9c8d	FUN_004c9c8d	52	false		unclassified_without_annotated_source		push esi
0x4c9cc1	FUN_004c9cc1	84	false		unclassified_without_annotated_source		push esi
0x4c9d15	FUN_004c9d15	16	false		unclassified_without_annotated_source		push dword ptr [esp + 8]
0x4c9d25	FUN_004c9d25	53	false		unclassified_without_annotated_source		push esi
0x4c9d5a	FUN_004c9d5a	73	false		unclassified_without_annotated_source		push ebx
0x4c9da3	FUN_004c9da3	53	false		unclassified_without_annotated_source		push esi
0x4c9dd8	FUN_004c9dd8	73	false		unclassified_without_annotated_source		push ebx
0x4c9e21	FUN_004c9e21	50	false		unclassified_without_annotated_source		push esi
0x4c9e53	FUN_004c9e53	94	false		unclassified_without_annotated_source		push ebp
0x4c9eb1	FUN_004c9eb1	144	false		unclassified_without_annotated_source		push ebp
0x4c9f41	FUN_004c9f41	127	false		unclassified_without_annotated_source		push ebp
0x4c9fc0	FUN_004c9fc0	121	false		unclassified_without_annotated_source		mov eax, 0x5106b3
0x4ca039	FUN_004ca039	11	false		unclassified_without_annotated_source		mov dword ptr [ecx], 0x513be0
0x4ca044	FUN_004ca044	384	false		unclassified_without_annotated_source		push ebp
0x4ca1c4	FUN_004ca1c4	25	false		unclassified_without_annotated_source		push esi
0x4ca1dd	FUN_004ca1dd	192	false		unclassified_without_annotated_source		push ebp
0x4ca29d	FUN_004ca29d	34	false		unclassified_without_annotated_source		push esi
0x4ca2bf	FUN_004ca2bf	427	false		unclassified_without_annotated_source		push ebp
0x4ca46a	FUN_004ca46a	152	false		unclassified_without_annotated_source		push ebp
0x4ca504	FUN_004ca504	25	false		unclassified_without_annotated_source		push dword ptr [esp + 0x10]
0x4ca51d	FUN_004ca51d	1559	false		unclassified_without_annotated_source		push ebp
0x4cab39	FUN_004cab39	66	false		unclassified_without_annotated_source		push ebx
0x4cab7b	FUN_004cab7b	50	false		unclassified_without_annotated_source		push esi
0x4cabd5	FUN_004cabd5	98	false		unclassified_without_annotated_source		push ebp
0x4cac37	FUN_004cac37	117	false		unclassified_without_annotated_source		mov eax, 0x5106e1
0x4cacac	FUN_004cacac	11	false		unclassified_without_annotated_source		mov dword ptr [ecx], 0x513d90
0x4cacb7	FUN_004cacb7	3	false		unclassified_without_annotated_source		xor eax, eax
0x4cacba	FUN_004cacba	1377	false		unclassified_without_annotated_source		mov eax, 0x5106ec
0x4cb21b	Catch@004cb21b	17	false		unclassified_without_annotated_source		lea ecx, [ebp - 0x98]
0x4cb22c	FUN_004cb22c	3	false		unclassified_without_annotated_source		mov eax, dword ptr [ebp - 0x18]
0x4cb22f	FUN_004cb22f	15	false		unclassified_without_annotated_source		mov ecx, dword ptr [ebp - 0xc]
0x4cb23e	FUN_004cb23e	530	false		unclassified_without_annotated_source		push ebp
0x4cb450	FUN_004cb450	143	false		unclassified_without_annotated_source		push ebp
0x4cb4df	FUN_004cb4df	60	false		unclassified_without_annotated_source		mov eax, dword ptr [esp + 8]
0x4cb51b	FUN_004cb51b	59	false		unclassified_without_annotated_source		mov eax, dword ptr [esp + 8]
0x4cb556	FUN_004cb556	100	false		unclassified_without_annotated_source		push ebp
0x4cb5ba	FUN_004cb5ba	58	false		unclassified_without_annotated_source		mov eax, dword ptr [esp + 8]
0x4cb5f4	FUN_004cb5f4	102	false		unclassified_without_annotated_source		push ebp
0x4cb65a	FUN_004cb65a	95	false		unclassified_without_annotated_source		push ebp
0x4cb6b9	FUN_004cb6b9	22	false		unclassified_without_annotated_source		mov eax, dword ptr [esp + 0xc]
0x4cb6cf	FUN_004cb6cf	70	false		unclassified_without_annotated_source		mov eax, dword ptr [esp + 4]
0x4cb715	FUN_004cb715	90	false		unclassified_without_annotated_source		push ebp
0x4cb76f	FUN_004cb76f	67	false		unclassified_without_annotated_source		mov ecx, dword ptr [esp + 4]
0x4cb7b2	FUN_004cb7b2	159	false		unclassified_without_annotated_source		push ebp
0x4cb851	FUN_004cb851	89	false		unclassified_without_annotated_source		push ebp
0x4cb8aa	FUN_004cb8aa	142	false		unclassified_without_annotated_source		push ebp
0x4cb938	FUN_004cb938	145	false		unclassified_without_annotated_source		push ebp
0x4cb9c9	FUN_004cb9c9	94	false		unclassified_without_annotated_source		push ebp
0x4cba27	FUN_004cba27	126	false		unclassified_without_annotated_source		push ebp
0x4cbaa5	FUN_004cbaa5	131	false		unclassified_without_annotated_source		push ebp
0x4cbb28	FUN_004cbb28	135	false		unclassified_without_annotated_source		push ebp
0x4cbbaf	FUN_004cbbaf	157	false		unclassified_without_annotated_source		push ebp
0x4cbc4c	FUN_004cbc4c	116	false		unclassified_without_annotated_source		push ebp
0x4cbcc0	FUN_004cbcc0	73	false		unclassified_without_annotated_source		push ebp
0x4cbd09	FUN_004cbd09	106	false		unclassified_without_annotated_source		push ebp
0x4cbd73	FUN_004cbd73	145	false		unclassified_without_annotated_source		push ebp
0x4cbe04	FUN_004cbe04	110	false		unclassified_without_annotated_source		push ebp
0x4cbe72	FUN_004cbe72	137	false		unclassified_without_annotated_source		push ebp
0x4cbefb	FUN_004cbefb	136	false		unclassified_without_annotated_source		push ebp
0x4cbf83	FUN_004cbf83	89	false		unclassified_without_annotated_source		push ebp
0x4cbfdc	FUN_004cbfdc	118	false		unclassified_without_annotated_source		push ebp
0x4cc052	FUN_004cc052	139	false		unclassified_without_annotated_source		push ebp
0x4cc0dd	FUN_004cc0dd	102	false		unclassified_without_annotated_source		push ebp
0x4cc143	FUN_004cc143	131	false		unclassified_without_annotated_source		push ebp
0x4cc1c6	FUN_004cc1c6	101	false		unclassified_without_annotated_source		push ebp
0x4cc22b	FUN_004cc22b	97	false		unclassified_without_annotated_source		push ebp
0x4cc28c	FUN_004cc28c	88	false		unclassified_without_annotated_source		push ebp
0x4cc2e4	FUN_004cc2e4	88	false		unclassified_without_annotated_source		push ebp
0x4cc33c	FUN_004cc33c	56	false		unclassified_without_annotated_source		mov eax, dword ptr [esp + 0xc]
0x4cc374	FUN_004cc374	66	false		unclassified_without_annotated_source		mov ecx, dword ptr [esp + 4]
0x4cc3b6	FUN_004cc3b6	103	false		unclassified_without_annotated_source		push ebp
0x4cc41d	FUN_004cc41d	100	false		unclassified_without_annotated_source		push ebp
0x4cc481	FUN_004cc481	88	false		unclassified_without_annotated_source		push ebp
0x4cc4d9	FUN_004cc4d9	94	false		unclassified_without_annotated_source		push ebp
0x4cc537	FUN_004cc537	74	false		unclassified_without_annotated_source		push ebp
0x4cc581	FUN_004cc581	156	false		unclassified_without_annotated_source		push ebp
0x4cc61d	FUN_004cc61d	142	false		unclassified_without_annotated_source		push ebp
0x4cc6ab	FUN_004cc6ab	118	false		unclassified_without_annotated_source		push ebp
0x4cc721	FUN_004cc721	129	false		unclassified_without_annotated_source		push ebp
0x4cc7a2	FUN_004cc7a2	51	false		unclassified_without_annotated_source		mov eax, dword ptr [esp + 0xc]
0x4cc7d5	FUN_004cc7d5	98	false		unclassified_without_annotated_source		push ebp
0x4cc837	FUN_004cc837	152	false		unclassified_without_annotated_source		push ebp
0x4cc8cf	FUN_004cc8cf	89	false		unclassified_without_annotated_source		push ebp
0x4cc928	FUN_004cc928	134	false		unclassified_without_annotated_source		push ebp
0x4cc9ae	FUN_004cc9ae	94	false		unclassified_without_annotated_source		push ebp
0x4cca0c	FUN_004cca0c	56	false		unclassified_without_annotated_source		mov eax, dword ptr [esp + 0xc]
0x4cca44	FUN_004cca44	71	false		unclassified_without_annotated_source		mov ecx, dword ptr [esp + 4]
0x4cca8b	FUN_004cca8b	148	false		unclassified_without_annotated_source		push ebp
0x4ccb1f	FUN_004ccb1f	245	false		unclassified_without_annotated_source		push ebp
0x4ccc14	FUN_004ccc14	135	false		unclassified_without_annotated_source		push ebp
0x4ccc9b	FUN_004ccc9b	242	false		unclassified_without_annotated_source		push ebp
0x4ccd8d	FUN_004ccd8d	140	false		unclassified_without_annotated_source		push ebp
0x4cce19	FUN_004cce19	174	false		unclassified_without_annotated_source		push ebp
0x4ccec7	FUN_004ccec7	130	false		unclassified_without_annotated_source		push ebp
0x4ccf49	FUN_004ccf49	162	false		unclassified_without_annotated_source		push ebp
0x4ccfeb	FUN_004ccfeb	50	false		unclassified_without_annotated_source		push ebp
0x4cd01d	FUN_004cd01d	1189	false		unclassified_without_annotated_source		push ebp
0x4cd4c2	FUN_004cd4c2	52	false		unclassified_without_annotated_source		push ebp
0x4cd4f6	FUN_004cd4f6	167	false		unclassified_without_annotated_source		mov eax, dword ptr [esp + 4]
0x4cd59d	FUN_004cd59d	154	false		unclassified_without_annotated_source		push ebp
0x4cd637	FUN_004cd637	55	false		unclassified_without_annotated_source		push ebx
0x4cd66e	FUN_004cd66e	63	false		unclassified_without_annotated_source		mov ecx, dword ptr [esp + 4]
0x4cd6ad	FUN_004cd6ad	82	false		unclassified_without_annotated_source		push ebp
0x4cd6ff	FUN_004cd6ff	311	false		unclassified_without_annotated_source		push ebp
0x4cd836	FUN_004cd836	109	false		unclassified_without_annotated_source		push ebp
0x4cd8a3	FUN_004cd8a3	234	false		unclassified_without_annotated_source		push ebp
0x4cd98d	FUN_004cd98d	87	false		unclassified_without_annotated_source		push ebp
0x4cd9e4	FUN_004cd9e4	74	false		unclassified_without_annotated_source		push ebp
0x4cda2e	FUN_004cda2e	288	false		unclassified_without_annotated_source		push ebp
0x4cdb4e	FUN_004cdb4e	279	false		unclassified_without_annotated_source		push ebp
0x4cdc65	FUN_004cdc65	167	false		unclassified_without_annotated_source		push ebp
0x4cdd0c	FUN_004cdd0c	132	false		unclassified_without_annotated_source		push ebp
0x4cdd90	FUN_004cdd90	135	false		unclassified_without_annotated_source		push ebp
0x4cde17	FUN_004cde17	116	false		unclassified_without_annotated_source		push ebx
0x4cde8b	FUN_004cde8b	38	false		unclassified_without_annotated_source		push dword ptr [esp + 8]
0x4cdeb1	FUN_004cdeb1	184	false		unclassified_without_annotated_source		mov edx, dword ptr [esp + 4]
0x4cdf69	FUN_004cdf69	288	false		unclassified_without_annotated_source		push ebx
0x4ce089	FUN_004ce089	35	false		unclassified_without_annotated_source		mov ecx, dword ptr [esp + 4]
0x4ce0ac	FUN_004ce0ac	183	false		unclassified_without_annotated_source		push ebp
0x4ce163	FUN_004ce163	83	false		unclassified_without_annotated_source		push esi
0x4ce1b6	FUN_004ce1b6	62	false		unclassified_without_annotated_source		xor edx, edx
0x4ce1f4	FUN_004ce1f4	56	false		unclassified_without_annotated_source		mov eax, dword ptr [esp + 4]
0x4ce22c	FUN_004ce22c	327	false		unclassified_without_annotated_source		push ebp
0x4ce373	FUN_004ce373	127	false		unclassified_without_annotated_source		push ebp
0x4ce3f2	FUN_004ce3f2	152	false		unclassified_without_annotated_source		push ebp
0x4ce48a	FUN_004ce48a	652	false		unclassified_without_annotated_source		push ebp
0x4ce716	FUN_004ce716	663	false		unclassified_without_annotated_source		push ebp
0x4ce9ad	FUN_004ce9ad	30	false		unclassified_without_annotated_source		push esi
0x4ce9cb	FUN_004ce9cb	105	false		unclassified_without_annotated_source		push ebx
0x4cea34	FUN_004cea34	182	false		unclassified_without_annotated_source		push ebp
0x4ceaea	FUN_004ceaea	403	false		unclassified_without_annotated_source		push ebp
0x4cec7d	FUN_004cec7d	136	false		unclassified_without_annotated_source		push ebp
0x4ced05	FUN_004ced05	244	false		unclassified_without_annotated_source		push ebp
0x4cedf9	FUN_004cedf9	242	false		unclassified_without_annotated_source		push ebp
0x4ceeeb	FUN_004ceeeb	315	false		unclassified_without_annotated_source		push ebp
0x4cf026	acmStreamOpen	6	true	MSACM32.dll::acmStreamOpen	entry_jump_requires_target_review		jmp dword ptr [0x5110e4]
0x4cf02c	acmDriverOpen	6	true	MSACM32.dll::acmDriverOpen	entry_jump_requires_target_review		jmp dword ptr [0x5110e0]
0x4cf032	acmStreamConvert	6	true	MSACM32.dll::acmStreamConvert	entry_jump_requires_target_review		jmp dword ptr [0x5110e8]
0x4cf038	acmStreamPrepareHeader	6	true	MSACM32.dll::acmStreamPrepareHeader	entry_jump_requires_target_review		jmp dword ptr [0x5110d4]
0x4cf03e	acmStreamClose	6	true	MSACM32.dll::acmStreamClose	entry_jump_requires_target_review		jmp dword ptr [0x5110d8]
0x4cf044	acmDriverClose	6	true	MSACM32.dll::acmDriverClose	entry_jump_requires_target_review		jmp dword ptr [0x5110d0]
0x4cf04a	acmFormatEnumA	6	true	MSACM32.dll::acmFormatEnumA	entry_jump_requires_target_review		jmp dword ptr [0x5110c8]
0x4cf050	acmMetrics	6	true	MSACM32.dll::acmMetrics	entry_jump_requires_target_review		jmp dword ptr [0x5110dc]
0x4cf056	acmDriverEnum	6	true	MSACM32.dll::acmDriverEnum	entry_jump_requires_target_review		jmp dword ptr [0x5110cc]
0x4e454b	FUN_004e454b	865	false		unclassified_without_annotated_source		shl dx, 1
0x500000	FUN_00500000	15	false		unclassified_without_annotated_source		push cs
0x500af4	caseD_a	30	false		unclassified_without_annotated_source		push edi
0x500b22	caseD_6	20	false		unclassified_without_annotated_source		mov edx, dword ptr [esp + 8]
0x5105bc	_CxxThrowException	6	true	MSVCRT.dll::_CxxThrowException	entry_jump_requires_target_review		jmp dword ptr [0x511108]
0x5105c2	_EH_prolog	6	true		entry_jump_requires_target_review		jmp dword ptr [0x51110c]
0x5105c8	realloc	6	true	MSVCRT.dll::realloc	entry_jump_requires_target_review		jmp dword ptr [0x511160]
0x5105ce	ftol	6	true	MSVCRT.dll::_ftol	entry_jump_requires_target_review		jmp dword ptr [0x511164]
0x5105d4	floor	6	true	MSVCRT.dll::floor	entry_jump_requires_target_review		jmp dword ptr [0x511158]
0x5105da	memmove	6	true	MSVCRT.dll::memmove	entry_jump_requires_target_review		jmp dword ptr [0x511154]
0x5105e0	time	6	true	MSVCRT.dll::time	entry_jump_requires_target_review		jmp dword ptr [0x51115c]
0x5105e6	_access	6	true	MSVCRT.dll::_access	entry_jump_requires_target_review		jmp dword ptr [0x511148]
0x5105ec	~type_info	6	true	MSVCRT.dll::??1type_info@@UAE@XZ	entry_jump_requires_target_review		jmp dword ptr [0x511144]
0x510600	Unwind@00510600	11	false		unclassified_without_annotated_source		mov eax, dword ptr [ebp - 0x10]
0x51060b	FUN_0051060b	16	false		unclassified_without_annotated_source		mov eax, 0x513f20
0x510618	FUN_00510618	10	false		unclassified_without_annotated_source		mov eax, 0x513fa8
0x510624	FUN_00510624	10	false		unclassified_without_annotated_source		mov eax, 0x514000
0x510630	Unwind@00510630	14	false		unclassified_without_annotated_source		mov ecx, dword ptr [ebp - 0x10]
0x51063e	FUN_0051063e	10	false		unclassified_without_annotated_source		mov eax, 0x514058
0x510648	FUN_00510648	10	false		unclassified_without_annotated_source		mov eax, 0x514080
0x510660	FUN_00510660	10	false		unclassified_without_annotated_source		mov eax, 0x514130
0x51066c	FUN_0051066c	10	false		unclassified_without_annotated_source		mov eax, 0x514188
0x510684	FUN_00510684	10	false		unclassified_without_annotated_source		mov eax, 0x514238
0x510690	Unwind@00510690	14	false		unclassified_without_annotated_source		mov ecx, dword ptr [ebp - 0x10]
0x51069e	FUN_0051069e	10	false		unclassified_without_annotated_source		mov eax, 0x514290
0x5106a8	Unwind@005106a8	11	false		unclassified_without_annotated_source		mov ecx, dword ptr [ebp - 0x10]
0x5106b3	FUN_005106b3	10	false		unclassified_without_annotated_source		mov eax, 0x5142b8
0x5106c0	Unwind@005106c0	11	false		unclassified_without_annotated_source		mov ecx, dword ptr [ebp - 0x10]
0x5106cb	Unwind@005106cb	11	false		unclassified_without_annotated_source		mov ecx, dword ptr [ebp - 0x10]
0x5106d6	Unwind@005106d6	11	false		unclassified_without_annotated_source		mov ecx, dword ptr [ebp - 0x10]
0x5106e1	FUN_005106e1	10	false		unclassified_without_annotated_source		mov eax, 0x5142e0
0x5106ec	FUN_005106ec	10	false		unclassified_without_annotated_source		mov eax, 0x514318
