address	name	file	original_bytes	reccmp_score	byte_audit_score
0x4a5e40	Sprite_FillRect	Sprite.cpp	404	0.24193548387096775	0.248
0x456250	StageTiming_RebuildSplitPositions	StageTiming.cpp	222	0.25316455696202533	0.267515923566879
0x460da0	StageObject_SetLighting	StageObjects.cpp	2322	0.258252427184466	0.27414903403863844
0x40b880	Font_DrawText	Font.cpp	548	0.29916897506925205	0.2808988764044944
0x4a52d0	CGraphics::BlendPixel	Graphics.cpp	1008	0.30996309963099633	0.3230240549828179
0x461c30	FUN_00461c30	StageObjects.cpp	3694	0.3176631675034231	0.32383536861148804
0x469100	FUN_00469100	StageObjects.cpp	417	0.3194444444444444	0.31833910034602075
0x47ca30	FUN_0047ca30	StageObjects.cpp	387	0.3277310924369748	0.3543307086614173
0x4d6870	FUN_004d6870	FrontendScreens.cpp	482	0.35014836795252224	0.3460410557184751
0x419200	StageUI_ApplySoundState	StageUI.cpp	2278	0.35934664246823955	0.4247517188693659
0x4a4d30	CGraphics::RemapTextureAlpha	Graphics.cpp	833	0.36538461538461536	0.4072398190045249
0x475f80	FUN_00475f80	StageTiming.cpp	277	0.3660130718954248	0.3815789473684211
0x421610	View_SetupCameras	Car.cpp	265	0.3916083916083916	0.42038216560509556
0x46ec40	FUN_0046ec40	StageObjects.cpp	246	0.40298507462686567	0.5333333333333333
0x46cfa0	FUN_0046cfa0	StageObjects.cpp	717	0.4056603773584906	0.3888888888888889
0x4bc490	Flare_SampleVisibility	Graphics.cpp	1496	0.40963855421686746	0.39211136890951276
0x45b580	StageTiming_SpawnWheelParticles	StageTiming.cpp	4195	0.41012658227848103	0.3739021329987453
0x489060	Collision_RayQuad	Collision2D.cpp	1098	0.4103225806451613	0.38783269961977185
0x47bdd0	FUN_0047bdd0	StageObjects.cpp	940	0.4116504854368932	0.358148893360161
0x476a40	FUN_00476a40	StageObjects.cpp	547	0.41228070175438597	0.4669260700389105
0x4e1d70	FUN_004e1d70	FrontendScreens.cpp	565	0.4161849710982659	0.46537396121883656
0x4b93c0	FUN_004b93c0	Sector.cpp	1320	0.4223013048635824	0.3958333333333333
0x458e00	FUN_00458e00	StageTiming.cpp	297	0.4293785310734463	0.40217391304347827
0x500270	FUN_00500270	GameInfo.cpp	0	0.44036697247706424	0.44036697247706424
0x413e00	FUN_00413e00	RallyData.cpp	473	0.44375	0.4353312302839117
0x4ade00	Scene_SetViewFromCamera	SceneNode.cpp	340	0.4444444444444444	0.4444444444444444
0x4b4aa0	Scene_LoadLighting	SceneNode.cpp	1538	0.45575757575757575	0.4418331374853114
0x47d330	FUN_0047d330	StageObjects.cpp	395	0.4573643410852713	0.39330543933054396
0x4a5880	CGraphics::GenerateBumpMap	Graphics.cpp	786	0.4601113172541744	0.4424131627056673
0x4137e0	FUN_004137e0	RallyData.cpp	1565	0.46184738955823296	0.452642073778664
0x45c820	WheelSplash_Update	CarEffects.cpp	2496	0.4646864686468647	0.4616393442622951
0x4b3c00	Scene_RelightSector	SceneNode.cpp	798	0.4662813102119461	0.4490566037735849
0x4a3650	Sprite_DrawLayer	Sprite.cpp	1503	0.46860986547085204	0.4541387024608501
0x4b5770	FUN_004b5770	SceneNode.cpp	1763	0.46993318485523383	0.40476190476190477
0x420a30	RallyData_UpdateCarRoute	RallyData.cpp	2035	0.4699777613046701	0.6143790849673203
0x4919a0	Stage_InitLightMeshes	TrackCollision.cpp	918	0.4727272727272727	0.4763779527559055
0x4b06a0	Particle_Interpolate	Graphics.cpp	247	0.47398843930635837	0.4827586206896552
0x46d2d0	FUN_0046d2d0	StageObjects.cpp	284	0.4745762711864407	0.4787234042553192
0x491550	Track_FindTriangle	TrackCollision.cpp	323	0.47572815533980584	0.48756218905472637
0x4d5de0	FUN_004d5de0	FrontendScreens.cpp	445	0.4772727272727273	0.49612403100775193
0x4483e0	FUN_004483e0	StageTiming.cpp	358	0.47761194029850745	0.460093896713615
0x46ed80	FUN_0046ed80	StageObjects.cpp	304	0.4787234042553192	0.6572769953051644
0x4675c0	FUN_004675c0	StageObjects.cpp	316	0.48044692737430167	0.45054945054945056
0x416670	FUN_00416670	Race.cpp	148	0.4819277108433735	0.5617977528089888
0x4a91b0	CGraphics::EnumTextureFormatsCallback	Graphics.cpp	1294	0.48313090418353577	0.4372574385510996
0x4ed840	FUN_004ed840	FrontendScreens.cpp	742	0.4835164835164835	0.4782608695652174
0x424f20	NetRace_PackCarState	NetRace.cpp	2496	0.4838455476753349	0.49133383571966843
0x488de0	FUN_00488de0	StageObjects.cpp	615	0.48514851485148514	0.47959183673469385
0x492fe0	FUN_00492fe0	TrackCollision.cpp	205	0.4864864864864865	0.5165562913907285
0x4b5380	Scene_FreeShadowCasters	SceneNode.cpp	400	0.49070631970260226	0.5018181818181818
0x403890	FUN_00403890	GameInfo.cpp	1625	0.4926739926739927	0.4977293369663942
0x4926f0	FUN_004926f0	StageObjects.cpp	410	0.4930232558139535	0.4954954954954955
0x46ea80	FUN_0046ea80	StageObjects.cpp	438	0.4934210526315789	0.5048543689320388
0x4b6ca0	Scene_AttenuateSectorLight	Graphics.cpp	589	0.4958217270194986	0.4528301886792453
0x467e90	StageDeform_ApplyPlanarDent	StageTiming.cpp	1666	0.49705304518664045	0.4899135446685879
0x46e780	FUN_0046e780	StageObjects.cpp	637	0.5038560411311054	0.4961636828644501
0x49cbc0	FUN_0049cbc0	Game.cpp	137	0.5045045045045045	0.4424778761061947
0x4dfe20	FUN_004dfe20	FrontendScreens.cpp	2321	0.5062789160608063	0.5043830074173972
0x45eca0	FUN_0045eca0	StageTiming.cpp	512	0.5082872928176796	0.5257731958762887
0x504eb0	FUN_00504eb0	RallyData.cpp	776	0.511340206185567	0.5051334702258727
0x47b640	FUN_0047b640	StageObjects.cpp	354	0.5119047619047619	0.5207100591715976
0x456710	FUN_00456710	StageTiming.cpp	592	0.5172413793103449	0.508557457212714
0x488640	FUN_00488640	StageObjects.cpp	1948	0.5214285714285715	0.4825124910778016
0x4eb860	FUN_004eb860	FileBuffer.cpp	500	0.5227963525835866	0.5209580838323353
0x46f810	StageObject_InitMovingObject	StageObjects.cpp	1620	0.525974025974026	0.514047866805411
0x455f00	FUN_00455f00	StageTiming.cpp	527	0.5263157894736842	0.5348837209302325
0x461830	FUN_00461830	StageObjects.cpp	498	0.5286103542234333	0.5040650406504065
0x46bb40	FUN_0046bb40	StageObjects.cpp	452	0.5292307692307693	0.5228758169934641
0x42e450	Car_IntegrateWheelTravel	Car.cpp	1165	0.5300859598853869	0.48450704225352115
0x4ae470	Graphics_DrawLayerQuad	Graphics.cpp	1239	0.5368802902055623	0.5179856115107914
0x4147f0	FUN_004147f0	RallyData.cpp	1749	0.5369565217391304	0.5237613751263903
0x463410	StageLights_Create	StageObjects.cpp	1983	0.5373134328358209	0.5967110415035238
0x492910	FUN_00492910	StageObjects.cpp	565	0.5386819484240688	0.4462809917355372
0x47b970	FUN_0047b970	StageObjects.cpp	317	0.5425531914893617	0.4777777777777778
0x47ad20	FUN_0047ad20	StageObjects.cpp	732	0.5523385300668151	0.5634408602150538
0x40b5b0	Font_GetTextWidth	Font.cpp	376	0.5546875	0.5645161290322581
0x464960	FUN_00464960	StageObjects.cpp	391	0.555984555984556	0.5317460317460317
0x411b20	FUN_00411b20	RallyData.cpp	786	0.5573770491803278	0.5244122965641953
0x4b45d0	Scene_AddShadowCaster	SceneNode.cpp	825	0.5579567779960707	0.5369649805447471
0x47cd10	FUN_0047cd10	StageObjects.cpp	965	0.56	0.4889589905362776
0x431ff0	Car_PlaceAtStart	Car.cpp	2874	0.5605095541401274	0.7198492462311558
0x4aa930	CGame::AddConnection	Game.cpp	219	0.5620915032679739	0.5584415584415584
0x4a6e30	CGraphics::LoadDDSTexture	Graphics.cpp	1494	0.5631517960602549	0.5630630630630631
0x49c680	FUN_0049c680	Graphics.cpp	299	0.5638297872340425	0.6051282051282051
0x494db0	FUN_00494db0	CarPhysics.cpp	4510	0.5661680092059839	0.5525709900230238
0x508890	FUN_00508890	StageTiming.cpp	1614	0.5665071770334928	0.5338417540514776
0x47aa70	FUN_0047aa70	StageObjects.cpp	676	0.5665859564164649	0.5633802816901409
0x46bfd0	Replay_RestoreCarState	StageObjects.cpp	428	0.5674418604651162	0.5545454545454546
0x406820	FUN_00406820	RallyData.cpp	112	0.5679012345679012	0.4878048780487805
0x40fd30	RallyData_DrawListItem	RallyData.cpp	288	0.5684210526315789	0.5684210526315789
0x418f20	FUN_00418f20	StageUI.cpp	185	0.5686274509803921	0.5979381443298969
0x4fccb0	FUN_004fccb0	FrontendMenus.cpp	965	0.5695364238410596	0.5718954248366013
0x498620	FUN_00498620	StageTiming.cpp	1572	0.5711382113821138	0.45925925925925926
0x4e2e50	CGame::FUN_004e2e50	Game.cpp	991	0.5714285714285714	0.55078125
0x40bc90	CInput::FUN_0040bc90	Input.cpp	61	0.5714285714285714	0.6666666666666666
0x4219b0	View_UpdateCamera	Car.cpp	972	0.5724770642201835	0.5326278659611993
0x413610	FUN_00413610	RallyData.cpp	455	0.5737704918032787	0.576
0x415f50	FUN_00415f50	StageUI.cpp	1678	0.5746478873239437	0.5666041275797373
0x4a6710	CGraphics::LoadTGATexture	Graphics.cpp	1816	0.5748393021120294	0.5439856373429084
0x4bd9d0	CGraphics::GetMipMapSurfaces	Graphics.cpp	139	0.575	0.5609756097560976
0x4daf90	FUN_004daf90	FrontendScreens.cpp	2217	0.5752285951787198	0.5701149425287356
0x499ac0	Debris_Draw	CarEffects.cpp	786	0.5800376647834274	0.5437616387337058
0x42e8e0	FUN_0042e8e0	FixedPoint.cpp	504	0.5803921568627451	0.6148148148148148
0x4b0110	Particle_UpdateAll	Graphics.cpp	878	0.5815126050420169	0.5289256198347108
0x473d60	FUN_00473d60	StageObjects.cpp	1720	0.5823754789272031	0.5788982259570495
0x4581d0	FUN_004581d0	StageTiming.cpp	84	0.5833333333333334	0.5833333333333334
0x417090	FUN_00417090	Race.cpp	1081	0.5835866261398176	0.5449101796407185
0x477ce0	FUN_00477ce0	StageObjects.cpp	584	0.583756345177665	0.5408163265306123
0x4177d0	FUN_004177d0	Race.cpp	1665	0.5844660194174758	0.5600739371534196
0x4b1530	Billboard_Draw	Graphics.cpp	1078	0.584717607973422	0.5862646566164154
0x5051c0	FUN_005051c0	RallyData.cpp	965	0.5849673202614379	0.5911330049261084
0x40cc60	FUN_0040cc60	RallyTiming.cpp	75	0.5862068965517241	0.6037735849056604
0x4b0480	Particle_DrawAll	Graphics.cpp	535	0.5873417721518988	0.5363408521303258
0x441500	Car_UpdateWheelForces	Car.cpp	6536	0.5879765395894428	0.5885190545103715
0x425c40	FUN_00425c40	NetRace.cpp	1922	0.5881294964028777	0.5556544968833482
0x4471b0	Dash_DrawNeedle	HudDash.cpp	882	0.5884353741496599	0.6013513513513513
0x471bf0	FUN_00471bf0	RallyData.cpp	204	0.5904761904761905	0.616822429906542
0x4ded80	FUN_004ded80	FrontendScreens.cpp	1679	0.5911664779161948	0.6411582213029989
0x4fc9f0	FUN_004fc9f0	FrontendMenus.cpp	317	0.5955056179775281	0.6171428571428571
0x4111a0	FUN_004111a0	RallyData.cpp	209	0.5961538461538461	0.5769230769230769
0x4e7ed0	FUN_004e7ed0	FrontendScreens.cpp	1552	0.5972045743329097	0.6666666666666666
0x455af0	FUN_00455af0	StageTiming.cpp	207	0.5982905982905983	0.5365853658536586
0x4380c0	Car_UpdateEngineSpeed	Car.cpp	924	0.5991189427312775	0.6017316017316018
0x406010	CGameInfo::FUN_00406010	GameInfo.cpp	759	0.5991902834008097	0.5853658536585366
0x467700	StageDeform_ApplyRadialDent	StageTiming.cpp	1933	0.6008097165991902	0.5801282051282052
0x490b90	FUN_00490b90	VehiclePhysics.cpp	156	0.6019417475728155	0.5714285714285714
0x429f20	FixBasis_Rotate	FixedPoint.cpp	4129	0.6026629292221444	0.5667932343803935
0x493b30	Car_UpdateAutomaticGear	TrackCollision.cpp	921	0.6044624746450304	0.5258964143426295
0x424af0	FUN_00424af0	StageTiming.cpp	268	0.6052631578947368	0.5882352941176471
0x506930	FUN_00506930	GameInfo.cpp	485	0.6098654708520179	0.5714285714285714
0x4dce00	FUN_004dce00	FrontendScreens.cpp	1685	0.6100966702470462	0.5963488843813387
0x41b460	FUN_0041b460	StageUI.cpp	2709	0.6101249178172256	0.5899665551839465
0x45d2d0	FUN_0045d2d0	CarEffects.cpp	206	0.6141732283464567	0.6564885496183206
0x4b5f90	FUN_004b5f90	SceneNode.cpp	688	0.6142857142857143	0.5714285714285714
0x46f550	FUN_0046f550	StageObjects.cpp	655	0.6145833333333334	0.5989583333333334
0x50ee50	FUN_0050ee50	GameInfo.cpp	715	0.6147540983606558	0.5988023952095808
0x421590	View_ReleaseNodes	Car.cpp	123	0.6153846153846154	0.625
0x4781d0	Car_UpdateSurfaceParams	SurfaceTypes.cpp	1243	0.6162162162162163	0.6048387096774194
0x4cfff0	FUN_004cfff0	Frontend.cpp	385	0.6165413533834586	0.6268656716417911
0x4ff0f0	FUN_004ff0f0	FrontendMenus.cpp	802	0.6202247191011236	0.6335403726708074
0x45af90	FUN_0045af90	StageTiming.cpp	1438	0.6205305651672434	0.586483390607102
0x470580	FUN_00470580	FixedPoint.cpp	5072	0.6206095791001451	0.5409556313993175
0x4f8b30	FUN_004f8b30	GameInfo.cpp	1793	0.6220546654099905	0.6270566727605119
0x47c5e0	FUN_0047c5e0	StageObjects.cpp	946	0.6248256624825662	0.580110497237569
0x4f3c10	FUN_004f3c10	FrontendScreens.cpp	434	0.6265060240963856	0.6439628482972136
0x41e8d0	FUN_0041e8d0	Race.cpp	2267	0.6293365794278758	0.6118251928020566
0x461710	FUN_00461710	StageObjects.cpp	282	0.6301369863013698	0.6306306306306306
0x499750	Car_SpawnDebris	CarEffects.cpp	814	0.6305609284332688	0.6091954022988506
0x42c890	Car_UpdateEngineNoteFalloff	Car.cpp	471	0.631578947368421	0.6201550387596899
0x4a6370	CGraphics::LoadTGABumpMap	Graphics.cpp	768	0.6325411334552102	0.6361974405850092
0x5062d0	FUN_005062d0	GameInfo.cpp	1100	0.6341463414634146	0.6379821958456974
0x4b4180	FUN_004b4180	SceneNode.cpp	781	0.6342494714587738	0.6666666666666666
0x47dd70	FUN_0047dd70	StageObjects.cpp	1122	0.6348387096774194	0.5982028241335045
0x472cb0	FUN_00472cb0	StageObjects.cpp	317	0.6350710900473934	0.6190476190476191
0x48e730	FUN_0048e730	StageObjects.cpp	3265	0.6355715017939518	0.41654059505799296
0x46d470	Replay_SetupPointers	StageObjects.cpp	136	0.6363636363636364	0.6363636363636364
0x428bf0	View_SelectVisibleCars	Car.cpp	1734	0.6371681415929203	0.5651793525809273
0x4ae950	Graphics_DrawProjectedQuad	Graphics.cpp	1992	0.6371951219512195	0.6001478196600147
0x462aa0	FUN_00462aa0	StageObjects.cpp	518	0.6386554621848739	0.6267806267806267
0x423900	FUN_00423900	Game.cpp	71	0.6388888888888888	0.4583333333333333
0x40e8d0	CInstallInfo::FUN_0040e8d0	InstallInfo.cpp	1089	0.6450567260940032	0.630048465266559
0x4bb2b0	ScreenLine2D_Draw	Sprite.cpp	373	0.6451612903225806	0.6572769953051644
0x447530	FUN_00447530	HudDash.cpp	189	0.6458333333333334	0.6551724137931034
0x469c30	FUN_00469c30	StageObjects.cpp	420	0.6462585034013606	0.6305084745762712
0x4f37c0	FUN_004f37c0	FrontendScreens.cpp	428	0.6465256797583081	0.6126126126126126
0x459630	FUN_00459630	StageTiming.cpp	346	0.648	0.6039215686274509
0x4658e0	CarEffects_DrawTyreMarks	StageObjects.cpp	1166	0.649546827794562	0.6438152011922503
0x486500	FUN_00486500	StageObjects.cpp	304	0.6502463054187192	0.5980392156862745
0x497db0	FUN_00497db0	CarPhysics.cpp	1471	0.6510204081632653	0.6538071065989848
0x49b0d0	WheelSpray_GetEffect	CarEffects.cpp	575	0.6515837104072398	0.6782608695652174
0x477f70	StageUI_DrawStageGrid	StageUI.cpp	447	0.6526315789473685	0.6480836236933798
0x506bb0	FUN_00506bb0	GameInfo.cpp	1029	0.6528662420382165	0.549079754601227
0x471dd0	FUN_00471dd0	RallyData.cpp	2384	0.6535488404778637	0.6198172874209417
0x4b4490	FUN_004b4490	SceneNode.cpp	308	0.6542056074766355	0.5953488372093023
0x4643f0	FUN_004643f0	StageObjects.cpp	1272	0.6551724137931034	0.6324786324786325
0x49f6d0	CInput::SetupJoystick	Input.cpp	1009	0.6555386949924128	0.649624060150376
0x41a340	FUN_0041a340	Race.cpp	625	0.6559139784946236	0.6052631578947368
0x4dd4b0	FUN_004dd4b0	FrontendScreens.cpp	3221	0.6590662323561346	0.674724119810825
0x434f50	Car_UpdateCornerVelocities	Car.cpp	1307	0.6602972399150743	0.6588983050847458
0x46d8d0	FUN_0046d8d0	StageObjects.cpp	1358	0.6610978520286396	0.5959475566150179
0x4fd080	FUN_004fd080	FrontendMenus.cpp	1019	0.661608497723824	0.6393939393939394
0x4a98b0	CMain::MessageHandler	main.cpp	356	0.6618181818181819	0.6197183098591549
0x503b70	FUN_00503b70	GameInfo.cpp	267	0.6629834254143646	0.6593406593406593
0x428a00	Car_MarkHiddenFromCameras	Car.cpp	484	0.6666666666666666	0.6133333333333333
0x4a13b0	CGameInfo::FUN_004a13b0	GameInfo.cpp	197	0.6666666666666666	0.6796116504854369
0x4d2cd0	FrontendDraw_ScrollerRow	FrontendDraw.cpp	1674	0.6673662119622246	0.645748987854251
0x4e2610	FUN_004e2610	FrontendScreens.cpp	1180	0.6676783004552352	0.6893617021276596
0x4e5630	FUN_004e5630	FrontendScreens.cpp	1632	0.6679209783631233	0.6790697674418604
0x4069c0	RallyData_InitKnockoutBracket	RallyData.cpp	1746	0.6703397612488522	0.6198723792160438
0x4e8500	FUN_004e8500	FrontendScreens.cpp	1600	0.6713450292397661	0.665943600867679
0x489b20	Collision_SphereVsBox	Collision2D.cpp	1740	0.672254819782062	0.655
0x4eb000	FUN_004eb000	RallyData.cpp	190	0.6728971962616822	0.6851851851851852
0x4657d0	FUN_004657d0	StageObjects.cpp	264	0.6735751295336787	0.6632124352331606
0x4d5fb0	FUN_004d5fb0	FrontendScreens.cpp	695	0.6736401673640168	0.6752688172043011
0x4129d0	FUN_004129d0	RallyData.cpp	1922	0.6779089376053963	0.6699588477366255
0x49ab90	CarEffects_InitDebris	CarEffects.cpp	905	0.6784452296819788	0.6492146596858639
0x456b70	FUN_00456b70	StageTiming.cpp	57	0.68	0.68
0x424360	FUN_00424360	StageTiming.cpp	510	0.6807228915662651	0.6586826347305389
0x415480	FUN_00415480	RallyData.cpp	711	0.6814159292035398	0.700218818380744
0x4752f0	FUN_004752f0	StageObjects.cpp	319	0.6818181818181818	0.6666666666666666
0x471950	FUN_00471950	StageObjects.cpp	272	0.6850828729281768	0.4175824175824176
0x4a12d0	CGameInfo::FUN_004a12d0	GameInfo.cpp	218	0.6868686868686869	0.6915887850467289
0x498590	FUN_00498590	StageTiming.cpp	138	0.6868686868686869	0.6530612244897959
0x42bf70	Car_InterpolateRenderTransforms	Car.cpp	2108	0.6875	0.6519756838905775
0x505b40	FUN_00505b40	GameInfo.cpp	713	0.6892177589852009	0.6058091286307054
0x448920	FUN_00448920	StageTiming.cpp	706	0.69	0.6253101736972705
0x402460	FUN_00402460	GameInfo.cpp	1124	0.6922060766182299	0.707774798927614
0x441430	FixBasis_Integrate	FixedPoint.cpp	207	0.6944444444444444	0.75
0x4fc500	FUN_004fc500	FrontendMenus.cpp	265	0.6946107784431138	0.6463414634146342
0x49af20	WheelSpray_Init	CarEffects.cpp	430	0.6985294117647058	0.6308243727598566
0x4db850	FUN_004db850	FrontendScreens.cpp	1322	0.6986128625472888	0.6871165644171779
0x4da710	FUN_004da710	FrontendScreens.cpp	2172	0.6987551867219917	0.7418856259659969
0x4d0d30	FUN_004d0d30	Game.cpp	360	0.6991150442477876	0.6666666666666666
0x446bf0	Dash_DrawDial	HudDash.cpp	1286	0.6998754669987547	0.6699029126213593
0x4cfb30	FUN_004cfb30	Frontend.cpp	344	0.701195219123506	0.6984126984126984
0x42ce60	Car_StepGroundContact	Car.cpp	4017	0.7016160819865983	0.7319587628865979
0x499de0	Car_ShatterWindow	CarEffects.cpp	2697	0.7016393442622951	0.6294148655772273
0x45c610	FUN_0045c610	StageTiming.cpp	145	0.7022900763358778	0.7540983606557377
0x48c900	FUN_0048c900	StageObjects.cpp	310	0.7023809523809523	0.7176470588235294
0x4efe60	FUN_004efe60	RallyData.cpp	492	0.7028753993610224	0.7092651757188498
0x44a1b0	FUN_0044a1b0	GameMenus.cpp	3438	0.702914798206278	0.6802952867688813
0x415750	FUN_00415750	RallyData.cpp	274	0.7032967032967034	0.6878306878306878
0x4475f0	FUN_004475f0	HudDash.cpp	1036	0.7040498442367601	0.6889226100151745
0x418000	FUN_00418000	Race.cpp	1170	0.7043189368770764	0.6410891089108911
0x435470	Car_IntegrateContacts	Car.cpp	4530	0.7063829787234043	0.6679403897592663
0x44bcd0	FUN_0044bcd0	GameMenus.cpp	4308	0.7071220930232558	0.7045373347624152
0x443d10	Car_FollowGround	Car.cpp	3415	0.7077669902912621	0.7565217391304347
0x4b11c0	Billboard_Add	Graphics.cpp	825	0.7078891257995735	0.7166666666666667
0x4b1ac0	Mesh_BuildParts	Mesh.cpp	561	0.7103274559193955	0.665
0x4dc930	FUN_004dc930	FrontendScreens.cpp	1224	0.7138810198300283	0.7474226804123711
0x46b8f0	FUN_0046b8f0	StageObjects.cpp	581	0.7156549520766773	0.6451612903225806
0x46c5a0	FUN_0046c5a0	StageObjects.cpp	299	0.7157894736842105	0.7165775401069518
0x4fbae0	FUN_004fbae0	FrontendMenus.cpp	891	0.715927750410509	0.8085808580858086
0x4b3740	Scene_SetAmbient	SceneNode.cpp	249	0.7194244604316546	0.723404255319149
0x5091c0	FUN_005091c0	GameInfo.cpp	2591	0.7198177676537585	0.34869516935036093
0x46b790	FUN_0046b790	StageObjects.cpp	307	0.7215189873417721	0.6764705882352942
0x40d9e0	FUN_0040d9e0	RallyData.cpp	511	0.7218543046357616	0.752411575562701
0x447f70	FUN_00447f70	HudDash.cpp	400	0.7226890756302521	0.6776859504132231
0x42b4a0	Car_IntegrateWheelRotation	Car.cpp	258	0.7228915662650602	0.6296296296296297
0x4f16f0	FUN_004f16f0	FrontendScreens.cpp	161	0.7230769230769231	0.7961165048543689
0x4816f0	FUN_004816f0	StageTiming.cpp	5064	0.7233214401556926	0.7471600129827978
0x4f4050	FUN_004f4050	FrontendScreens.cpp	1299	0.7241379310344828	0.7184466019417476
0x46bdc0	FUN_0046bdc0	StageObjects.cpp	254	0.7244897959183674	0.7309644670050761
0x411f70	FUN_00411f70	RallyData.cpp	1051	0.7255639097744361	0.697841726618705
0x496e00	FUN_00496e00	CarPhysics.cpp	4014	0.7257281553398058	0.6728221597751907
0x442e90	Car_SmoothForceFeedback	Car.cpp	301	0.7261904761904762	0.7058823529411765
0x45f260	FUN_0045f260	StageTiming.cpp	158	0.7272727272727273	0.7027027027027027
0x41c5a0	FUN_0041c5a0	Race.cpp	2701	0.727386150966937	0.6333122229259025
0x4b67f0	Mesh_GetShadowCylinder	Graphics.cpp	1195	0.7289002557544757	0.6352040816326531
0x4d0780	CGame::FUN_004d0780	Game.cpp	152	0.7317073170731707	0.7380952380952381
0x477340	FUN_00477340	StageObjects.cpp	280	0.73224043715847	0.6304347826086957
0x459790	FUN_00459790	StageTiming.cpp	1256	0.7323162274618585	0.7027777777777777
0x4738f0	FUN_004738f0	StageObjects.cpp	1131	0.733229329173167	0.7696709585121603
0x45ea70	FUN_0045ea70	StageTiming.cpp	220	0.7352941176470589	0.6861313868613139
0x401d20	FUN_00401d20	GameInfo.cpp	733	0.7355371900826446	0.7443762781186094
0x41a5c0	FUN_0041a5c0	Race.cpp	2227	0.7366818873668188	0.6784343821949348
0x47b0e0	FUN_0047b0e0	StageObjects.cpp	1344	0.7372654155495979	0.7238605898123325
0x486910	FUN_00486910	FixedPoint.cpp	206	0.738255033557047	0.7516778523489933
0x4fc620	FUN_004fc620	FrontendMenus.cpp	548	0.7388535031847133	0.7290322580645161
0x468520	FUN_00468520	StageTiming.cpp	908	0.7402376910016978	0.6254180602006689
0x49c510	FUN_0049c510	Game.cpp	354	0.7413793103448276	0.7224669603524229
0x457000	FUN_00457000	StageTiming.cpp	3073	0.7429782723900371	0.6801275239107333
0x418580	FUN_00418580	Race.cpp	448	0.7453416149068323	0.749185667752443
0x510410	CGameInfo::FUN_00510410	GameInfo.cpp	344	0.7466666666666667	0.7792207792207793
0x4174e0	FUN_004174e0	Race.cpp	375	0.7469879518072289	0.6932270916334662
0x4a5730	CGraphics::GetPixelRed	Graphics.cpp	161	0.7480916030534351	0.7272727272727273
0x466100	FUN_00466100	StageObjects.cpp	604	0.7493112947658402	0.7287671232876712
0x440840	Car_Integrate	Car.cpp	3053	0.74945295404814	0.71397616468039
0x416f70	FUN_00416f70	Race.cpp	284	0.75	0.7085714285714285
0x448de0	FUN_00448de0	StageTiming.cpp	125	0.75	0.75
0x41e6b0	Race_TeardownStage	Race.cpp	544	0.7507163323782235	0.6498599439775911
0x4041e0	FUN_004041e0	GameInfo.cpp	2427	0.7520858164481525	0.7521058965102286
0x402000	FUN_00402000	GameInfo.cpp	1090	0.7527777777777778	0.7393767705382436
0x4a8c30	CGraphics::FUN_004a8c30_DDEnumCallback	Graphics.cpp	298	0.7528089887640449	0.6923076923076923
0x49ffd0	Menu_Init	Menu.cpp	144	0.7529411764705882	0.7674418604651163
0x433890	Car_StepAll	Car.cpp	1507	0.7555555555555555	0.7326266195524146
0x4584d0	FUN_004584d0	StageTiming.cpp	142	0.7556615017878426	0.7189384800965019
0x421e20	View_SnapCameras	Car.cpp	433	0.7561837455830389	0.7730496453900709
0x50c420	FUN_0050c420	GameInfo.cpp	1804	0.7562724014336918	0.7182222222222222
0x40f8d0	FUN_0040f8d0	RallyData.cpp	1117	0.7565891472868217	0.7091757387247278
0x499070	Spark_Draw	CarEffects.cpp	1117	0.7569721115537849	0.7702349869451697
0x486fc0	FUN_00486fc0	StageObjects.cpp	365	0.7573529411764706	0.7527675276752768
0x4866a0	FUN_004866a0	StageObjects.cpp	83	0.7575757575757576	0.8059701492537313
0x4b1150	FUN_004b1150	Graphics.cpp	105	0.7586206896551724	0.7586206896551724
0x5004c0	CGameInfo::FUN_005004c0	GameInfo.cpp	50	0.7586206896551724	0.9090909090909091
0x45f9d0	FUN_0045f9d0	StageTiming.cpp	2204	0.7586694975230007	0.7039660056657224
0x4f13c0	FUN_004f13c0	FrontendScreens.cpp	517	0.7592592592592593	0.7613293051359517
0x4d5ad0	FUN_004d5ad0	FrontendScreens.cpp	450	0.759581881533101	0.7766323024054983
0x478a20	FUN_00478a20	SurfaceTypes.cpp	228	0.7596899224806202	0.7899159663865546
0x509d00	FUN_00509d00	GameInfo.cpp	41	0.7619047619047619	0.8695652173913043
0x509d90	FUN_00509d90	GameInfo.cpp	41	0.7619047619047619	0.8695652173913043
0x4aa220	CFileBuffer::GetGenericFileBuffer	FileBuffer.cpp	595	0.7625570776255708	0.7165532879818595
0x4eadb0	FUN_004eadb0	RallyData.cpp	141	0.7631578947368421	0.7894736842105263
0x4814d0	FUN_004814d0	StageTiming.cpp	135	0.7647058823529411	0.7887323943661971
0x423460	Camera_Update	Car.cpp	546	0.7648456057007126	0.6834170854271356
0x4e0770	FUN_004e0770	FrontendScreens.cpp	2721	0.7650635710337202	0.7607361963190185
0x47b000	FUN_0047b000	StageObjects.cpp	223	0.7652173913043478	0.7017543859649122
0x446270	Dash_DrawBar	HudDash.cpp	2424	0.7657894736842106	0.765399737876802
0x458a00	FUN_00458a00	StageTiming.cpp	379	0.7659574468085106	0.7142857142857143
0x420630	FUN_00420630	RallyData.cpp	353	0.7661691542288557	0.7761194029850746
0x43eef0	Car_UpdateCorners	Car.cpp	911	0.7666034155597723	0.776735459662289
0x422d40	FUN_00422d40	FixedPoint.cpp	291	0.7668393782383419	0.77
0x4f1040	FUN_004f1040	FrontendScreens.cpp	287	0.7668393782383419	0.7628865979381443
0x48e580	FUN_0048e580	StageObjects.cpp	429	0.7669172932330827	0.7464788732394366
0x47f510	FUN_0047f510	StageObjects.cpp	546	0.7673267326732673	0.7188264058679706
0x4fb400	FUN_004fb400	FrontendScreens.cpp	1232	0.7682458386683739	0.7474747474747475
0x4a1d60	Sound_InitDevice	Sound.cpp	487	0.7692307692307693	0.7169811320754716
0x4bb4c0	Line2D_Draw	Sprite.cpp	289	0.7692307692307693	0.7692307692307693
0x460ca0	FUN_00460ca0	StageObjects.cpp	250	0.7708333333333334	0.72
0x47a710	FUN_0047a710	SurfaceTypes.cpp	834	0.771689497716895	0.7460674157303371
0x4ee170	FUN_004ee170	FrontendScreens.cpp	739	0.772635814889336	0.7301587301587301
0x46c1a0	Replay_RestoreAuxState	StageObjects.cpp	124	0.7733333333333333	0.7792207792207793
0x4894b0	FUN_004894b0	Collision2D.cpp	659	0.774818401937046	0.7299270072992701
0x487140	FUN_00487140	StageObjects.cpp	681	0.7749510763209393	0.7868217054263565
0x4285b0	FUN_004285b0	NetRace.cpp	194	0.7751937984496124	0.784
0x41d0c0	FUN_0041d0c0	Race.cpp	450	0.7756410256410257	0.7443365695792881
0x4a28d0	CSound::FUN_004a28d0	Sound.cpp	333	0.7766990291262136	0.6981132075471698
0x47d850	FUN_0047d850	StageObjects.cpp	1302	0.7768595041322314	0.7779056386651323
0x4373c0	Car_UpdateRollover	Car.cpp	2470	0.7768707482993197	0.7623497997329773
0x4702f0	FUN_004702f0	FixedPoint.cpp	641	0.7777777777777778	0.7318181818181818
0x4d40d0	FrontendDraw_MenuPath	FrontendDraw.cpp	267	0.7792207792207793	0.75
0x411450	FUN_00411450	RallyData.cpp	244	0.7796610169491526	0.6554621848739496
0x484e00	FUN_00484e00	StageObjects.cpp	316	0.780952380952381	0.7358490566037735
0x4fc070	FUN_004fc070	FrontendMenus.cpp	1042	0.7855973813420621	0.7533333333333333
0x4b7de0	FUN_004b7de0	Sector.cpp	1164	0.7859007832898173	0.7416020671834626
0x48e0a0	FUN_0048e0a0	StageObjects.cpp	1173	0.7864214992927864	0.6645865834633385
0x41b060	CGame::FUN_0041b060	Game.cpp	643	0.7874396135265701	0.7860696517412935
0x49a910	Car_QueueWindowBreak	CarEffects.cpp	522	0.7881040892193308	0.7601476014760148
0x4b21e0	FUN_004b21e0	Graphics.cpp	431	0.7884615384615384	0.6919431279620853
0x498dd0	CarEffects_Init	CarEffects.cpp	591	0.7889447236180904	0.7869674185463659
0x42f820	Car_FlagAirborneCorners	Car.cpp	152	0.7894736842105263	0.7894736842105263
0x4d28c0	FUN_004d28c0	Frontend.cpp	771	0.7899159663865546	0.8083333333333333
0x4ed100	FUN_004ed100	FrontendScreens.cpp	561	0.7904509283819628	0.7905759162303665
0x4348c0	Car_UpdateCornerLoads	Car.cpp	1668	0.7907444668008048	0.7812817904374364
0x4f03f0	FUN_004f03f0	FrontendScreens.cpp	386	0.7916666666666666	0.8
0x505e10	CGameInfo::FUN_00505e10	GameInfo.cpp	83	0.7916666666666666	0.75
0x475a50	StageUI_DrawChampionshipBar	StageUI.cpp	1179	0.792156862745098	0.7894039735099337
0x500130	FUN_00500130	GameInfo.cpp	83	0.7931034482758621	0.9032258064516129
0x427ad0	FUN_00427ad0	NetRace.cpp	153	0.7941176470588235	0.7941176470588235
0x46ef50	FUN_0046ef50	StageObjects.cpp	215	0.7950310559006211	0.7950310559006211
0x4d3fa0	FrontendDraw_Breadcrumb	FrontendDraw.cpp	146	0.7966101694915254	0.7543859649122807
0x448550	FUN_00448550	StageTiming.cpp	202	0.796875	0.796875
0x4cfc90	FUN_004cfc90	Frontend.cpp	386	0.7971014492753623	0.7971014492753623
0x49b3e0	WheelSpray_Update	CarEffects.cpp	2244	0.7977126518942101	0.7501769285208776
0x4760a0	FUN_004760a0	StageObjects.cpp	866	0.7981220657276995	0.8037825059101655
0x422140	View_BlendCameraStates	Car.cpp	920	0.7993421052631579	0.8045977011494253
0x427e20	FUN_00427e20	NetRace.cpp	1413	0.7996051332675223	0.8015794669299111
0x404000	FUN_00404000	GameInfo.cpp	302	0.8	0.8177339901477833
0x4247a0	FUN_004247a0	StageTiming.cpp	254	0.8	0.7971014492753623
0x409b60	FUN_00409b60	NetPlayers.cpp	86	0.8	0.8620689655172413
0x4994f0	GlassShard_Draw	CarEffects.cpp	535	0.8011204481792717	0.7853107344632768
0x490720	Collision_ClassifyFaceVertices	VehiclePhysics.cpp	1126	0.8015978695073236	0.8095872170439414
0x4d50a0	FUN_004d50a0	FrontendScreens.cpp	2601	0.8021917808219178	0.7984665936473165
0x480220	FUN_00480220	StageObjects.cpp	346	0.8034934497816594	0.7787610619469026
0x503010	FUN_00503010	GameInfo.cpp	0	0.8035714285714286	0.7387944358578052
0x40f0c0	FUN_0040f0c0	RallyData.cpp	2058	0.8042763157894737	0.7162489894907034
0x4a0570	Menu_Update	Menu.cpp	1363	0.8067581837381204	0.7009443861490031
0x47c2f0	FUN_0047c2f0	StageObjects.cpp	701	0.8088888888888889	0.756152125279642
0x457e10	FUN_00457e10	StageTiming.cpp	59	0.8095238095238095	0.7619047619047619
0x455300	FUN_00455300	StageTiming.cpp	341	0.8097560975609757	0.7843137254901961
0x47e4d0	Fireworks_Init	StageObjects.cpp	1348	0.8122392211404729	0.8183079056865464
0x48a1f0	FUN_0048a1f0	Collision2D.cpp	1017	0.8127208480565371	0.7491289198606271
0x4387a0	Car_UpdateTyreForces	Car.cpp	8567	0.8127667470773798	0.7425504349435499
0x4d7380	FUN_004d7380	FrontendScreens.cpp	967	0.8150470219435737	0.7949921752738655
0x443a20	Car_UpdateCornerVelocityPair	Car.cpp	451	0.8150470219435737	0.8297213622291022
0x4878a0	FUN_004878a0	StageObjects.cpp	732	0.8156182212581344	0.7662337662337663
0x4201d0	RallyRoute_GetNodeDirection	RallyRoute.cpp	1120	0.8160200250312891	0.7173100871731009
0x409fd0	FUN_00409fd0	NetPlayers.cpp	270	0.8170731707317073	0.8042328042328042
0x486c30	FUN_00486c30	StageObjects.cpp	907	0.8173652694610778	0.7289156626506024
0x47cc50	StageObject_UpdateApproachingCar	StageObjects.cpp	169	0.8181818181818182	0.8181818181818182
0x5105a0	type_info::FUN_005105a0	GameInfo.cpp	28	0.8181818181818182	0.8181818181818182
0x4786b0	FUN_004786b0	SurfaceTypes.cpp	764	0.8202764976958525	0.8200455580865603
0x43b100	Car_UpdateSuspension	Car.cpp	5428	0.8217605248769819	0.7242128121606949
0x4d6f10	FUN_004d6f10	FrontendScreens.cpp	1131	0.8218085106382979	0.8037135278514589
0x47f740	Fireworks_Draw	StageObjects.cpp	1380	0.8223350253807107	0.8274111675126904
0x406580	CGameInfo::FUN_00406580	GameInfo.cpp	257	0.822429906542056	0.821256038647343
0x48d0f0	FUN_0048d0f0	StageObjects.cpp	1719	0.8230240549828178	0.779777206512425
0x427b70	FUN_00427b70	NetRace.cpp	156	0.8235294117647058	0.8235294117647058
0x4a0bc0	Menu_PlaySoundId	Menu.cpp	99	0.8253968253968254	0.8461538461538461
0x48fb80	FUN_0048fb80	VehiclePhysics.cpp	2536	0.8264360716491661	0.7615526802218114
0x408600	RallyData_FUN_00408600	RallyData.cpp	172	0.8269230769230769	0.8269230769230769
0x43e680	Car_ResetBodyBasis	Car.cpp	1602	0.8290258449304175	0.7736220472440944
0x46c8e0	FUN_0046c8e0	StageObjects.cpp	765	0.8310502283105022	0.8136363636363636
0x4d3360	FrontendDraw_MenuList	FrontendDraw.cpp	1594	0.8318756073858115	0.7871720116618076
0x4bbd80	Quad2D_DrawLayer	Sprite.cpp	782	0.8329718004338394	0.8258064516129032
0x426fc0	FUN_00426fc0	FixedPoint.cpp	1466	0.8333333333333334	0.80927291886196
0x476850	FUN_00476850	StageObjects.cpp	491	0.8333333333333334	0.7764705882352941
0x48df50	FUN_0048df50	StageObjects.cpp	335	0.8333333333333334	0.803921568627451
0x4b9f20	FixMatrix_Multiply	FixedPoint.cpp	205	0.8333333333333334	0.8421052631578947
0x424560	ForceFeedback_ApplyStoredForces	StageTiming.cpp	116	0.8333333333333334	0.8604651162790697
0x438460	Car_UpdateCornerFriction	Car.cpp	822	0.8336252189141856	0.7464788732394366
0x4873f0	FUN_004873f0	StageObjects.cpp	931	0.8350983358547656	0.750373692077728
0x401b60	FUN_00401b60	GameInfo.cpp	436	0.8356164383561644	0.8413793103448276
0x466ef0	FUN_00466ef0	StageTiming.cpp	1743	0.8361581920903954	0.7840593141797961
0x462d80	FUN_00462d80	StageObjects.cpp	744	0.8366013071895425	0.8391304347826087
0x413330	FUN_00413330	RallyData.cpp	490	0.837037037037037	0.7867647058823529
0x4f0960	FUN_004f0960	FrontendScreens.cpp	327	0.837696335078534	0.8222222222222222
0x4bdd30	CGraphics::FUN_004bdd30	Graphics.cpp	239	0.8378378378378378	0.8378378378378378
0x460390	FUN_00460390	StageObjects.cpp	1691	0.8404669260700389	0.7934044616876819
0x456110	FUN_00456110	StageTiming.cpp	204	0.8413793103448276	0.8794326241134752
0x487b80	FUN_00487b80	StageObjects.cpp	192	0.8414634146341463	0.8121212121212121
0x454df0	GameMenus_DrawTextRow	GameMenus.cpp	296	0.8421052631578947	0.8571428571428571
0x464cb0	StageObject_UpdateSkidTrails	StageObjects.cpp	2172	0.8424242424242424	0.831306990881459
0x45def0	WheelTrail_Update	WheelTrail.cpp	1644	0.8430826369545033	0.6883116883116883
0x45f530	FUN_0045f530	StageTiming.cpp	154	0.8440366972477065	0.8518518518518519
0x4abaf0	Mesh_CloneInto	Mesh.cpp	1616	0.8452488687782805	0.7692307692307693
0x4a57e0	CGraphics::GetPixelAlpha	Graphics.cpp	156	0.8461538461538461	0.8153846153846154
0x4e20e0	FUN_004e20e0	FrontendScreens.cpp	1043	0.8466076696165191	0.85
0x455e60	StageTiming_Reset	StageTiming.cpp	99	0.847457627118644	0.9333333333333333
0x444c10	Car_PrepareStep	Car.cpp	3256	0.8477777777777777	0.8138766519823789
0x432cc0	Car_UpdateBodyMatrix	Car.cpp	2599	0.8482797518330514	0.7776536312849162
0x4744f0	FUN_004744f0	StageObjects.cpp	2774	0.8493723849372385	0.7820177731312076
0x463070	StageLights_UpdateDirection	StageObjects.cpp	512	0.850632911392405	0.7182044887780549
0x4bb650	Tri2D_Queue	Sprite.cpp	418	0.8515625	0.8692307692307693
0x4a8890	CGraphics::SetProjection	Graphics.cpp	661	0.8527131782945736	0.8527131782945736
0x46f330	FUN_0046f330	StageObjects.cpp	353	0.8529411764705882	0.8173076923076923
0x46de20	FUN_0046de20	StageObjects.cpp	1304	0.8534883720930233	0.7958477508650519
0x480600	StageObject_UpdateDebris	StageObjects.cpp	617	0.8547008547008547	0.888268156424581
0x507080	FUN_00507080	GameInfo.cpp	521	0.8553846153846154	0.8722741433021807
0x4a24a0	FUN_004a24a0	Sound.cpp	326	0.8559670781893004	0.8408163265306122
0x46cbe0	FUN_0046cbe0	StageObjects.cpp	121	0.8571428571428571	0.8080808080808081
0x41db10	FUN_0041db10	Race.cpp	1792	0.8574057037718491	0.8190127970749543
0x47e1e0	FUN_0047e1e0	StageObjects.cpp	681	0.857707509881423	0.857707509881423
0x47d5a0	FUN_0047d5a0	StageObjects.cpp	673	0.8584905660377359	0.8658823529411764
0x4d4460	FrontendDraw_HelpText	FrontendDraw.cpp	335	0.8585365853658536	0.8461538461538461
0x4b8270	FUN_004b8270	Sector.cpp	480	0.8590604026845637	0.8160535117056856
0x443250	Car_UpdateBodyLean	Car.cpp	2000	0.8604459124690339	0.8240131578947368
0x43c640	Car_UpdateWheelTorques	Car.cpp	417	0.8604651162790697	0.8638132295719845
0x4bd520	ReadMMIO	Sound.cpp	399	0.860655737704918	0.852589641434263
0x4be160	check_header	ZlibGzio.cpp	958	0.8607198748043818	0.8931750741839762
0x4f17d0	FUN_004f17d0	FrontendScreens.cpp	395	0.8615384615384616	0.8571428571428571
0x402c90	FUN_00402c90	GameInfo.cpp	487	0.8626198083067093	0.8450704225352113
0x40e210	FUN_0040e210	RallyData.cpp	276	0.863013698630137	0.863013698630137
0x4efb70	FUN_004efb70	FrontendScreens.cpp	585	0.8641304347826086	0.8509485094850948
0x4854a0	FUN_004854a0	StageObjects.cpp	486	0.8650306748466258	0.8703703703703703
0x40dc30	FUN_0040dc30	RallyData.cpp	765	0.8653061224489796	0.8600405679513184
0x4248a0	FUN_004248a0	StageTiming.cpp	584	0.8657534246575342	0.8509485094850948
0x4f0820	FUN_004f0820	FrontendScreens.cpp	297	0.8673469387755102	0.7914438502673797
0x466570	FUN_00466570	StageObjects.cpp	190	0.8676470588235294	0.7153284671532847
0x40fec0	FUN_0040fec0	RallyData.cpp	479	0.8695652173913043	0.8322147651006712
0x502570	FUN_00502570	GameInfo.cpp	191	0.8695652173913043	0.8695652173913043
0x411550	FUN_00411550	RallyData.cpp	806	0.8697123519458545	0.8527918781725888
0x45d540	FUN_0045d540	CarEffects.cpp	1677	0.8708815672306323	0.7676950998185118
0x4f0620	FUN_004f0620	FrontendScreens.cpp	444	0.8710801393728222	0.8263888888888888
0x413fe0	FUN_00413fe0	RallyData.cpp	1036	0.8714069591527988	0.8700906344410876
0x419b90	FUN_00419b90	Race.cpp	224	0.8723404255319149	0.9428571428571428
0x47d0e0	FUN_0047d0e0	StageObjects.cpp	578	0.8733850129198967	0.8144329896907216
0x508740	StageDeform_ClampVertex	StageTiming.cpp	330	0.8734693877551021	0.6829268292682927
0x40d6c0	FUN_0040d6c0	RallyData.cpp	340	0.875	0.8188976377952756
0x4e1230	FUN_004e1230	FrontendScreens.cpp	1584	0.8768768768768769	0.8780487804878049
0x427d50	FUN_00427d50	NetRace.cpp	206	0.8771929824561403	0.9230769230769231
0x4ef190	FUN_004ef190	FrontendScreens.cpp	222	0.8774193548387097	0.8888888888888888
0x40d820	FUN_0040d820	RallyData.cpp	439	0.8786885245901639	0.8963210702341137
0x451690	FUN_00451690	GameMenus.cpp	443	0.8794788273615635	0.8831168831168831
0x4b4040	Mesh_GetCornerLight	SceneNode.cpp	190	0.8805970149253731	0.8805970149253731
0x4bbc60	Quad2D_Queue	Sprite.cpp	283	0.8819875776397516	0.8888888888888888
0x45eed0	FUN_0045eed0	StageTiming.cpp	870	0.8821292775665399	0.8825757575757576
0x458bd0	FUN_00458bd0	StageTiming.cpp	557	0.8833333333333333	0.8796680497925311
0x4a0ec0	FUN_004a0ec0	Game.cpp	396	0.8839506172839506	0.8036529680365296
0x480cb0	FUN_00480cb0	StageTiming.cpp	291	0.8839779005524862	0.8415300546448088
0x4b7210	CGraphics::FUN_004b7210	Graphics.cpp	665	0.8858695652173914	0.6537396121883656
0x40c2a0	CInput::GetButtonMapping	Input.cpp	323	0.8861788617886179	0.88
0x50a3f0	FUN_0050a3f0	GameInfo.cpp	656	0.8868360277136259	0.8767123287671232
0x50f650	FUN_0050f650	GameInfo.cpp	1758	0.8874773139745916	0.8746618575293057
0x5043b0	FUN_005043b0	RallyData.cpp	278	0.8875	0.9012345679012346
0x480e50	FUN_00480e50	StageTiming.cpp	1345	0.8885542168674698	0.8632218844984803
0x50a920	FUN_0050a920	GameInfo.cpp	2201	0.8912071535022354	0.8857566765578635
0x4e7120	FUN_004e7120	FrontendScreens.cpp	1602	0.8940955951265229	0.9013282732447818
0x4a4c40	Graphics_ReloadAllTextures	Graphics.cpp	233	0.8941176470588236	0.8823529411764706
0x4a9b80	CMain::GetFrameDelta	main.cpp	149	0.8941176470588236	0.9047619047619048
0x4b8690	SceneNode_UpdateSector	Sector.cpp	630	0.8954423592493298	0.8571428571428571
0x436630	Car_UpdateBodyAxes	Car.cpp	3461	0.8976034858387799	0.8423795049934868
0x4fe240	FUN_004fe240	FrontendMenus.cpp	3582	0.8984689766317486	0.8896999188969992
0x4bc110	Timer_GetValue	Graphics.cpp	357	0.9007633587786259	0.8353413654618473
0x4d45b0	FrontendDraw_Carousel	FrontendDraw.cpp	1511	0.9020021074815595	0.8740740740740741
0x493ed0	FUN_00493ed0	TrackCollision.cpp	575	0.9024390243902439	0.8206686930091185
0x458fd0	FUN_00458fd0	StageTiming.cpp	203	0.9024390243902439	0.9024390243902439
0x448d50	FUN_00448d50	StageTiming.cpp	132	0.9024390243902439	0.9512195121951219
0x46a500	FUN_0046a500	StageObjects.cpp	1963	0.9032258064516129	0.8266068759342302
0x4b9170	Sector_ComputeBounds	Sector.cpp	483	0.9038461538461539	0.8896103896103896
0x4bba00	Quad2D_QueueFixedTriangle	Sprite.cpp	596	0.9050632911392406	0.8867924528301887
0x4fd480	FUN_004fd480	FrontendMenus.cpp	1669	0.9055912007332723	0.9000916590284143
0x46d610	FUN_0046d610	StageObjects.cpp	700	0.90625	0.90625
0x4d7db0	FUN_004d7db0	FrontendScreens.cpp	1399	0.9080188679245284	0.9107981220657277
0x4d8950	FUN_004d8950	FrontendScreens.cpp	1399	0.9080188679245284	0.9107981220657277
0x4a3050	FUN_004a3050	Sound.cpp	257	0.9080459770114943	0.9080459770114943
0x414ed0	FUN_00414ed0	RallyData.cpp	1452	0.9081419624217119	0.86875
0x463fe0	FUN_00463fe0	StageObjects.cpp	1026	0.9084967320261438	0.9084967320261438
0x48a5f0	FUN_0048a5f0	Collision2D.cpp	2193	0.9085631349782293	0.9016751638747269
0x4d21e0	CFrontend::FUN_004d21e0	Frontend.cpp	404	0.9090909090909091	0.8825910931174089
0x45e8b0	FUN_0045e8b0	StageTiming.cpp	230	0.9090909090909091	0.9090909090909091
0x4a2d30	FUN_004a2d30	Sound.cpp	84	0.9090909090909091	0.9090909090909091
0x4cf3f0	FUN_004cf3f0	Frontend.cpp	35	0.9090909090909091	0.9090909090909091
0x4b8e30	Sector_NearestCornerHeight	Sector.cpp	813	0.9113924050632911	0.8029465930018416
0x48f470	CarPhysics_ApplyImpulse	VehiclePhysics.cpp	1800	0.9134275618374559	0.8493392070484581
0x4d65c0	FUN_004d65c0	FrontendScreens.cpp	683	0.9146608315098468	0.9197396963123644
0x4d8480	FUN_004d8480	FrontendScreens.cpp	1220	0.9153846153846154	0.9114249037227214
0x4d3e80	FrontendDraw_BreadcrumbItem	FrontendDraw.cpp	282	0.9157894736842105	0.9157894736842105
0x452be0	FUN_00452be0	GameMenus.cpp	1265	0.9159561510353228	0.9168704156479217
0x42eae0	Car_UpdateGroundContact	Car.cpp	3380	0.9168081494057725	0.8753525098702764
0x4e9f70	FUN_004e9f70	FrontendScreens.cpp	1226	0.9169139465875371	0.8768
0x40dfa0	FUN_0040dfa0	RallyData.cpp	472	0.9172413793103448	0.9172413793103448
0x4d39a0	FUN_004d39a0	FrontendDraw.cpp	1246	0.917312661498708	0.9072426937738246
0x495f50	CarShadow_OffsetPointsTowardsCamera	CarPhysics.cpp	871	0.9173419773095624	0.8947368421052632
0x4de1d0	FUN_004de1d0	TimingUtils.cpp	2651	0.9174412247129579	0.9169398907103825
0x4ae2f0	Glow_Add	Graphics.cpp	215	0.9178082191780822	0.8979591836734694
0x48cc30	FUN_0048cc30	StageObjects.cpp	587	0.9178743961352657	0.9204819277108434
0x456960	FUN_00456960	StageTiming.cpp	90	0.918918918918919	0.918918918918919
0x466030	FUN_00466030	StageObjects.cpp	66	0.918918918918919	0.9714285714285714
0x484310	FUN_00484310	StageObjects.cpp	2557	0.9192852741836106	0.8571428571428571
0x4ea510	FUN_004ea510	FrontendScreens.cpp	148	0.9195402298850575	0.8837209302325582
0x44ec30	GameMenus_DrawRowFrame	GameMenus.cpp	866	0.9199255121042831	0.9239332096474954
0x4b9910	FUN_004b9910	Graphics.cpp	467	0.92	0.8637873754152824
0x4bcaf0	Graphics_SetFog	Graphics.cpp	181	0.92	0.92
0x4487a0	FUN_004487a0	StageTiming.cpp	381	0.9217391304347826	0.9217391304347826
0x4a7910	CGraphics::FUN_004a7910	Graphics.cpp	1826	0.9221902017291066	0.8829174664107485
0x4ffab0	FUN_004ffab0	GameInfo.cpp	1038	0.9228441754916793	0.8492307692307692
0x477460	FUN_00477460	StageObjects.cpp	397	0.924812030075188	0.8838951310861424
0x49da50	Tri2D_Contains	Graphics.cpp	544	0.9254498714652957	0.9156010230179028
0x4a60d0	CGraphics::SampleTGAPixel	Graphics.cpp	666	0.9267015706806283	0.9470899470899471
0x4564d0	FUN_004564d0	StageTiming.cpp	564	0.9281767955801105	0.9337016574585635
0x4a20c0	FUN_004a20c0	Sound.cpp	321	0.9281767955801105	0.8666666666666667
0x5040f0	FUN_005040f0	RallyData.cpp	699	0.9293478260869565	0.9293478260869565
0x476640	FUN_00476640	StageObjects.cpp	513	0.9307692307692308	0.9307692307692308
0x41afe0	FUN_0041afe0	Race.cpp	91	0.9310344827586207	0.9310344827586207
0x47eab0	Fireworks_Update	StageObjects.cpp	2651	0.9312581063553826	0.9189889825016202
0x421230	FUN_00421230	RallyData.cpp	316	0.9316239316239316	0.919831223628692
0x43fcc0	Car_UpdateBodyAxesNoDamping	Car.cpp	2935	0.9326478149100257	0.8790983606557377
0x4cfe80	FUN_004cfe80	Frontend.cpp	356	0.9327731092436975	0.9327731092436975
0x4d9450	FUN_004d9450	FrontendScreens.cpp	1060	0.9331352154531947	0.9408284023668639
0x480b40	FUN_00480b40	StageObjects.cpp	97	0.9333333333333333	0.9333333333333333
0x506720	FUN_00506720	GameInfo.cpp	397	0.9344978165938864	0.9170305676855895
0x46f060	StageObjects_LoadSkyAndGround	StageObjects.cpp	714	0.9351669941060904	0.8976377952755905
0x48ae90	FUN_0048ae90	Collision2D.cpp	3970	0.9353673223604978	0.9023218574859888
0x404f40	FUN_00404f40	GameInfo.cpp	1294	0.9356110381077529	0.8326639892904953
0x465530	FUN_00465530	StageObjects.cpp	204	0.9365079365079365	0.967741935483871
0x509dc0	FUN_00509dc0	GameInfo.cpp	605	0.9370277078085643	0.8944723618090452
0x48d950	FUN_0048d950	StageObjects.cpp	417	0.9383561643835616	0.9523809523809523
0x4bcc60	Pulse_Update	Graphics.cpp	534	0.9391304347826087	0.9391304347826087
0x482ac0	Vehicle_UpdateMotion	VehiclePhysics.cpp	1126	0.9401709401709402	0.9034090909090909
0x42de20	Car_UpdateGroundNormal	Car.cpp	1572	0.9402985074626866	0.9230769230769231
0x429810	Car_UpdateViewNodes	Car.cpp	1797	0.9405204460966543	0.8775510204081632
0x501de0	FUN_00501de0	GameInfo.cpp	288	0.941747572815534	0.9514563106796117
0x465d70	StageObject_GetWheelSlip	StageObjects.cpp	206	0.9420289855072463	0.8920863309352518
0x4430b0	Car_UpdateRideHeight	Car.cpp	369	0.9423076923076923	0.9423076923076923
0x421470	RallyData_FUN_00421470	RallyData.cpp	144	0.9425287356321839	0.8275862068965517
0x460a30	FUN_00460a30	StageObjects.cpp	302	0.9433962264150944	0.9433962264150944
0x4e77c0	FUN_004e77c0	FrontendScreens.cpp	1788	0.9441984056687334	0.9239033124440466
0x451df0	FUN_00451df0	GameMenus.cpp	1585	0.9444444444444444	0.9482439926062847
0x418ff0	FUN_00418ff0	StageUI.cpp	513	0.9453376205787781	0.9617834394904459
0x48db00	FUN_0048db00	StageObjects.cpp	304	0.9456521739130435	0.9347826086956522
0x4af120	Glow_Draw	Graphics.cpp	2078	0.9481902058197303	0.9548022598870056
0x48c870	FUN_0048c870	StageObjects.cpp	138	0.9487179487179487	0.9487179487179487
0x50b1c0	FUN_0050b1c0	GameInfo.cpp	3566	0.9490940465918896	0.9367965367965368
0x4877a0	FUN_004877a0	StageObjects.cpp	241	0.9493670886075949	0.8427672955974843
0x4dbd80	FUN_004dbd80	FrontendScreens.cpp	2436	0.950097213220998	0.9396495781959766
0x44d790	FUN_0044d790	GameMenus.cpp	464	0.9506172839506173	0.9506172839506173
0x4ba440	FixMatrix_Invert	FixedPoint.cpp	1062	0.952	0.952
0x4669f0	FUN_004669f0	StageTiming.cpp	1169	0.952076677316294	0.8778135048231511
0x487f60	FUN_00487f60	StageObjects.cpp	1752	0.9554794520547946	0.8879384088964928
0x40a580	FUN_0040a580	NetPlayers.cpp	372	0.956140350877193	0.956140350877193
0x480af0	FUN_00480af0	StageObjects.cpp	79	0.9565217391304348	0.9565217391304348
0x450c10	FUN_00450c10	GameMenus.cpp	698	0.9574468085106383	0.9426751592356688
0x423780	Camera_SnapTo	Car.cpp	104	0.9574468085106383	0.9444444444444444
0x4b2090	Mesh_SetColourAndRefresh	Mesh.cpp	128	0.9591836734693877	0.9795918367346939
0x4fb8d0	FUN_004fb8d0	FrontendScreens.cpp	232	0.9594594594594594	0.9594594594594594
0x49c1c0	CGame::FUN_0049c1c0	Game.cpp	255	0.9634146341463414	0.9634146341463414
0x46fe70	FUN_0046fe70	StageObjects.cpp	969	0.964968152866242	0.964968152866242
0x4e90f0	FUN_004e90f0	FrontendScreens.cpp	1487	0.9655172413793104	0.9525816649104321
0x48cae0	FUN_0048cae0	StageObjects.cpp	329	0.9658119658119658	0.9743589743589743
0x43a920	Car_ApplyCornerFriction	Car.cpp	1604	0.9671814671814671	0.9691119691119691
0x49f0e0	CInput::SetupKeyboard	Input.cpp	517	0.968503937007874	0.9669421487603306
0x41f560	Race_BuildSelectionPaths	Race.cpp	552	0.9694501018329938	0.9650924024640657
0x4bd970	CGraphics::SetMipMapCount	Graphics.cpp	92	0.9696969696969697	0.9696969696969697
0x4d15e0	CGame::InitializeGame	Game.cpp	1191	0.97054698457223	0.9526462395543176
0x434140	Car_UpdateSteering	Car.cpp	1911	0.9736434108527132	0.9736434108527132
0x484f40	FUN_00484f40	StageTiming.cpp	1142	0.9737827715355806	0.9027431421446384
0x40f050	FUN_0040f050	RallyData.cpp	99	0.9743589743589743	0.9743589743589743
0x4292c0	Car_ApplyViewTransforms	Car.cpp	1345	0.9748283752860412	0.9748283752860412
0x40a980	FUN_0040a980	NetPlayers.cpp	386	0.9754098360655737	0.9754098360655737
0x4925c0	FUN_004925c0	TrackCollision.cpp	289	0.975609756097561	0.975609756097561
0x491d40	Stage_SetHeightColours	TrackCollision.cpp	910	0.9761904761904762	0.9761904761904762
0x4a5be0	CGraphics::FUN_004a5be0	Graphics.cpp	289	0.979381443298969	0.979381443298969
0x501780	FUN_00501780	GameInfo.cpp	401	0.9800796812749004	0.9879518072289156
0x46acb0	FUN_0046acb0	StageObjects.cpp	801	0.9803921568627451	0.984313725490196
0x418d30	CarSound_PlaySlot	Race.cpp	146	0.9803921568627451	0.9803921568627451
0x48ce80	FUN_0048ce80	StageObjects.cpp	617	0.9848484848484849	0.98989898989899
0x4f28c0	FUN_004f28c0	FrontendScreens.cpp	168	0.9855072463768116	0.9855072463768116
0x4b35b0	Scene_SetLightPosition	SceneNode.cpp	387	0.9858156028368794	0.9858156028368794
0x478dc0	FUN_00478dc0	SurfaceTypes.cpp	368	0.9868421052631579	0.9868421052631579
0x507fe0	FUN_00507fe0	GameInfo.cpp	1880	0.9870967741935484	0.9870967741935484
0x46e6a0	Events_ComputeSteps	StageObjects.cpp	212	0.9873417721518988	0.9873417721518988
0x507290	FUN_00507290	GameInfo.cpp	564	0.9884393063583815	0.9942196531791907
0x450ef0	FUN_00450ef0	GameMenus.cpp	1938	0.9894894894894894	0.990990990990991
0x492bd0	FUN_00492bd0	StageObjects.cpp	606	0.98989898989899	0.98989898989899
0x500c80	FUN_00500c80	GameInfo.cpp	363	0.99	0.98
0x4b2f80	Scene_CreateLight	SceneNode.cpp	1201	0.990909090909091	0.9938271604938271
0x4b50b0	FUN_004b50b0	SceneNode.cpp	613	0.990990990990991	0.990990990990991
0x40c610	CInput::FUN_0040c610	Input.cpp	1604	0.9920424403183024	0.9920424403183024
0x44fea0	FUN_0044fea0	GameMenus.cpp	1795	0.9934959349593496	0.9951219512195122
0x4d9c40	FUN_004d9c40	FrontendScreens.cpp	2529	0.9956167814652473	0.9855799373040752
0x4556f0	FUN_004556f0	StageTiming.cpp	898	0.9966666666666667	0.9964664310954063
0x46afe0	FUN_0046afe0	StageObjects.cpp	1055	0.9970238095238095	0.9970238095238095
0x44d960	FUN_0044d960	GameMenus.cpp	2000	0.9970972423802612	0.9970972423802612
0x44efa0	FUN_0044efa0	GameMenus.cpp	1753	0.9983277591973244	0.9983277591973244
