address	old_name	new_name	evidence	file	line	signature	comment
0x00407f80	CAIHelper::FUN_00407f80	ResolveNameIndex	Clamps the driver ID and selects the appropriate block of g_aiNames.	CMR2Decomp/AIHelper.cpp	23	int CAIHelper::FUN_00407f80(int id)	
0x0040d4b0	FUN_0040d4b0	Timing_CentisecondsToFixedSeconds	Converts whole and fractional centiseconds to 16.16 seconds.	CMR2Decomp/TimingUtils.cpp	34	int FUN_0040d4b0(int hundredths)	Converts a time in hundredths of a second into 16.16 seconds.
0x0040ed50	CInstallInfo::FUN_0040ed50	GetTexturesDirectory	Returns CInstallInfo::m_texturesDir.	CMR2Decomp/InstallInfo.cpp	341	char *CInstallInfo::FUN_0040ed50(void)	
0x00426d80	FUN_00426d80	Car_RestorePhysicsFromRecord	Restores saved velocities, orientation and flags, advances history and rebuilds body vectors and corners.	CMR2Decomp/FixedPoint.cpp	954	void FUN_00426d80(Car *pDst, CarNetRecord *pSrc)	Resets a car's physics state from a saved one (used when the body is put back on the road): copies the stored fields and rebuilds the matrix-derived vectors of the body.
0x0043ecd0	FUN_0043ecd0	Car_SyncBodySceneNodes	Copies body and world matrix basis/position into the two car body scene nodes.	CMR2Decomp/FixedPoint.cpp	923	void FUN_0043ecd0(Car *pCar)	Copies the car's body and world matrices into the local transform of its two body scene nodes.
0x0048c6e0	FUN_0048c6e0	Collision_ClampContactOffset	Clamps absolute X/Z components to half extents and optionally clamps Y.	CMR2Decomp/Collision2D.cpp	201	void FUN_0048c6e0(int *v, int *limit, int clampY)	Clamps the magnitude of each component of v to limit (y only when clampY).
0x0048c750	FUN_0048c750	Collision_ClampAngularCorrection	Bounds X/Z to eight physics-scale units and Y to four; used on the angular contact correction.	CMR2Decomp/Collision2D.cpp	222	void FUN_0048c750(int *v)	Clamps a vector to the scaled limits: eight units on X/Z, four on Y.
0x004a9c30	CGenericFileLoader::FUN_004a9c30	ReadIntoFileRecord	Reads the generic file buffer, records its size and reports success.	CMR2Decomp/GenericFileLoader.cpp	18	bool CGenericFileLoader::FUN_004a9c30(char *fileName, GenericFile *param_2)	
0x004a9d70	CGenericFileLoader::FUN_004a9d70	LoadIntoFileRecord	Clears didFileLoad then sets it on a successful file read into the GenericFile record.	CMR2Decomp/GenericFileLoader.cpp	8	bool CGenericFileLoader::FUN_004a9d70(GenericFile *file, char *fileName)	
0x004bad40	FUN_004bad40	FixMatrix_ProjectWorldPointToView	Inverts the view matrix, transforms the world point and projects it to screen coordinates.	CMR2Decomp/FixedPoint.cpp	579	void FUN_004bad40(int *pOut, FixVector *pPoint, BYTE *pView)	Projects a world point to screen pixels through the view node's camera (off-screen marker -100,-100 when behind the camera).
0x004faa50	FUN_004faa50	FrontendMenu_InitRouteScroller	Builds available route entries, selects the stored route and measures the scroller widths.	CMR2Decomp/FrontendMenus.cpp	25	void FUN_004faa50(Menu *pMenu, int param)	Lays out the route scroller and measures the available entries.
0x004fac70	FUN_004fac70	FrontendMenu_UpdateChampionshipEntry	Updates the championship entry limit and current event, then optionally rebuilds its route scroller.	CMR2Decomp/FrontendMenus.cpp	68	void FUN_004fac70(Menu *pMenu, char param)	Change callback of the championship entry screens. Its external byte state preserves the original byte loads without changing the other screen callbacks.
